,Trigrams
0,.co
1,com
2,s.c
3,e.c
4,net
5,.ne
6,om.
7,t.c
8,a.c
9,r.c
10,n.c
11,org
12,.or
13,o.c
14,er.
15,.ru
16,co.
17,y.c
18,l.c
19,.jp
20,ine
21,ing
22,.go
23,es.
24,.cn
25,d.c
26,lin
27,.in
28,g.c
29,k.c
30,i.c
31,ent
32,gov
33,m.c
34,ter
35,edu
36,.br
37,ne.
38,por
39,ng.
40,on.
41,ion
42,ov.
43,tor
44,.de
45,tra
46,.ed
47,p.c
48,m.b
49,the
50,sta
51,le.
52,new
53,an.
54,et.
55,ia.
56,and
57,u.c
58,c.c
59,res
60,est
61,nli
62,ban
63,ers
64,onl
65,all
66,al.
67,ews
68,ang
69,ame
70,ver
71,pro
72,dia
73,x.c
74,st.
75,inf
76,one
77,ate
78,art
79,b.c
80,.fr
81,re.
82,nfo
83,ess
84,rea
85,ort
86,ide
87,h.c
88,ati
89,are
90,con
91,ive
92,ree
93,wor
94,ank
95,mar
96,ts.
97,ind
98,ost
99,edi
100,int
101,te.
102,orn
103,.it
104,o.j
105,ran
106,per
107,man
108,ite
109,or.
110,nte
111,tio
112,for
113,du.
114,ren
115,.ir
116,ser
117,ar.
118,car
119,ce.
120,ste
121,ime
122,cha
123,sho
124,lan
125,log
126,tal
127,ist
128,.io
129,ws.
130,me.
131,fil
132,in.
133,str
134,ac.
135,ama
136,mes
137,gam
138,spo
139,age
140,ay.
141,ore
142,ss.
143,ll.
144,.tv
145,nt.
146,der
147,rs.
148,che
149,ian
150,ic.
151,.uk
152,pla
153,us.
154,eri
155,nk.
156,ast
157,en.
158,min
159,sto
160,ina
161,chi
162,fre
163,uni
164,ant
165,pre
166,par
167,s.n
168,har
169,rt.
170,ail
171,o.i
172,web
173,v.c
174,ear
175,go.
176,hin
177,our
178,ani
179,vie
180,tre
181,ade
182,ect
183,tic
184,.ac
185,m.a
186,mer
187,ch.
188,.kr
189,os.
190,tin
191,ana
192,sha
193,med
194,anc
195,han
196,kin
197,ack
198,e.n
199,ara
200,ard
201,ica
202,ech
203,app
204,.pl
205,ert
206,tar
207,w.c
208,mal
209,rad
210,ns.
211,ari
212,ies
213,ele
214,shi
215,eal
216,tel
217,as.
218,o.u
219,vid
220,ta.
221,her
222,ile
223,m.t
224,ita
225,nde
226,tec
227,ark
228,ins
229,men
230,ovi
231,se.
232,ons
233,.au
234,ice
235,ick
236,ndi
237,ome
238,tri
239,.me
240,son
241,blo
242,ire
243,ker
244,s.o
245,tes
246,ell
247,mon
248,sit
249,sti
250,gra
251,end
252,.gr
253,des
254,top
255,nce
256,nes
257,na.
258,era
259,it.
260,ass
261,ans
262,ema
263,les
264,o.k
265,lic
266,.es
267,mat
268,ric
269,rat
270,ty.
271,mov
272,to.
273,ali
274,sin
275,ge.
276,ere
277,red
278,ds.
279,.tw
280,ane
281,ed.
282,liv
283,ong
284,goo
285,ook
286,de.
287,nta
288,hop
289,ner
290,ash
291,boo
292,fin
293,air
294,oin
295,ry.
296,tim
297,ain
298,ato
299,arc
300,oto
301,ala
302,eco
303,eli
304,met
305,c.i
306,sco
307,ilm
308,ity
309,ock
310,lle
311,.ca
312,ino
313,is.
314,ra.
315,ale
316,cke
317,ill
318,ink
319,ket
320,ode
321,el.
322,am.
323,ck.
324,nne
325,ont
326,ve.
327,e.i
328,nd.
329,pos
330,adi
331,ool
332,ot.
333,rec
334,ami
335,erc
336,ber
337,tan
338,z.c
339,las
340,out
341,eam
342,ima
343,ls.
344,mai
345,nic
346,ope
347,ove
348,tch
349,ata
350,ro.
351,tma
352,tv.
353,you
354,cor
355,ub.
356,alt
357,mag
358,ma.
359,rch
360,ly.
361,oad
362,pri
363,rre
364,ad.
365,clu
366,oma
367,ora
368,lis
369,rac
370,ten
371,la.
372,.cl
373,ave
374,a.g
375,lub
376,nal
377,ust
378,ene
379,io.
380,orl
381,s.g
382,uto
383,ork
384,ram
385,usi
386,n.n
387,rin
388,ero
389,hea
390,deo
391,ens
392,s.i
393,at.
394,cli
395,ish
396,eme
397,pan
398,ton
399,tur
400,eta
401,ube
402,aut
403,dis
404,eng
405,bit
406,ial
407,lea
408,ona
409,.to
410,can
411,op.
412,pin
413,cho
414,enc
415,gle
416,hot
417,loa
418,tro
419,.mx
420,cat
421,ks.
422,.ua
423,own
424,t.n
425,spa
426,und
427,ee.
428,gen
429,ord
430,san
431,ace
432,erv
433,oli
434,ndo
435,orr
436,day
437,ini
438,nim
439,rld
440,ol.
441,vis
442,ure
443,rd.
444,ria
445,ler
446,let
447,ult
448,dow
449,f.c
450,nat
451,pay
452,a.n
453,ble
454,bra
455,cen
456,da.
457,ote
458,ron
459,e.o
460,nda
461,obi
462,oda
463,sea
464,8.c
465,.cc
466,dat
467,job
468,m.m
469,ico
470,ira
471,no.
472,ese
473,oun
474,1.c
475,a.i
476,ral
477,sof
478,cal
479,clo
480,igh
481,lay
482,dai
483,v.i
484,aba
485,il.
486,ris
487,ase
488,biz
489,esi
490,lar
491,ntr
492,tub
493,24.
494,act
495,ow.
496,war
497,ai.
498,u.e
499,nin
500,epo
501,ex.
502,sch
503,tat
504,ces
505,cia
506,del
507,ete
508,ics
509,lit
510,rts
511,get
512,rit
513,win
514,cas
515,cre
516,din
517,ood
518,eve
519,iti
520,ms.
521,nti
522,.id
523,mas
524,rk.
525,asi
526,ct.
527,eas
528,ola
529,rai
530,pen
531,sen
532,tte
533,cou
534,ega
535,nit
536,ori
537,ple
538,rie
539,sa.
540,.tr
541,be.
542,bil
543,fan
544,nga
545,oll
546,cs.
547,ien
548,lou
549,rep
550,ach
551,ars
552,den
553,ern
554,loc
555,lus
556,ogl
557,ps.
558,ath
559,etr
560,ife
561,mob
562,olo
563,rg.
564,rma
565,vel
566,ca.
567,ld.
568,stu
569,ght
570,ili
571,ous
572,ada
573,lif
574,ros
575,use
576,bal
577,dio
578,eat
579,hos
580,oft
581,mil
582,rou
583,rta
584,um.
585,ets
586,up.
587,bar
588,eti
589,lat
590,nge
591,nst
592,o.n
593,rno
594,0.c
595,als
596,a.r
597,hen
598,ily
599,sma
600,ann
601,cti
602,orm
603,plu
604,r.n
605,she
606,bs.
607,col
608,oog
609,rav
610,.tm
611,cam
612,ger
613,hou
614,hom
615,pot
616,bus
617,cit
618,dig
619,ead
620,eba
621,exp
622,ven
623,ado
624,ake
625,atc
626,do.
627,lib
628,nts
629,omp
630,ond
631,dir
632,ix.
633,nan
634,ob.
635,rn.
636,a.o
637,igi
638,lec
639,mus
640,e.g
641,lla
642,nec
643,apa
644,lia
645,ok.
646,s.r
647,tai
648,zon
649,eb.
650,ka.
651,4.c
652,esh
653,ox.
654,r.i
655,ura
656,e.j
657,hon
658,oud
659,sup
660,esp
661,og.
662,rte
663,tem
664,.vn
665,ano
666,hat
667,nve
668,oba
669,unt
670,git
671,ici
672,ise
673,nam
674,ngs
675,omi
676,sic
677,t.i
678,eo.
679,ett
680,iki
681,wat
682,aga
683,avi
684,esc
685,gro
686,ie.
687,ip.
688,isi
689,nto
690,omo
691,ao.
692,evi
693,e.r
694,hel
695,ape
696,bes
697,kan
698,sh.
699,uan
700,.cz
701,cod
702,doc
703,inc
704,nco
705,oo.
706,sio
707,.ar
708,.az
709,ein
710,rke
711,rom
712,.bi
713,cks
714,id.
715,ito
716,mic
717,oni
718,sca
719,tas
720,ads
721,elo
722,ena
723,mpl
724,not
725,ras
726,sia
727,ssi
728,tod
729,lab
730,rip
731,.se
732,hub
733,mod
734,now
735,pac
736,rev
737,emo
738,ir.
739,sig
740,t.r
741,cto
742,ext
743,rap
744,rce
745,rop
746,sec
747,sex
748,u.a
749,don
750,e.f
751,iso
752,que
753,spe
754,ys.
755,rne
756,rti
757,rum
758,tis
759,tud
760,ab.
761,eed
762,ery
763,ich
764,ida
765,oca
766,sal
767,tea
768,.ro
769,cur
770,eet
771,ign
772,rab
773,.ch
774,eni
775,nlo
776,pho
777,rio
778,sou
779,tiv
780,bli
781,cra
782,dea
783,fic
784,ha.
785,len
786,th.
787,ue.
788,bet
789,ela
790,hoo
791,un.
792,box
793,hes
794,tab
795,.za
796,eca
797,ffi
798,ft.
799,lac
800,pol
801,ula
802,xxx
803,3.c
804,abl
805,ap.
806,bri
807,cin
808,cla
809,dom
810,ean
811,ey.
812,lli
813,llo
814,oup
815,pic
816,raf
817,sse
818,tom
819,alo
820,dar
821,ede
822,ges
823,obs
824,oot
825,rna
826,t.o
827,wan
828,emp
829,esa
830,fe.
831,pag
832,two
833,amp
834,gin
835,mot
836,ono
837,riv
838,rus
839,tos
840,els
841,emi
842,ri.
843,roc
844,xyz
845,arn
846,cle
847,een
848,eso
849,gob
850,hem
851,ott
852,qui
853,ngl
854,ou.
855,sur
856,too
857,ves
858,5.c
859,ki.
860,leg
861,nsi
862,oti
863,o.t
864,r.r
865,thi
866,coi
867,dem
868,dic
869,dro
870,fun
871,lth
872,.xy
873,pas
874,aca
875,adv
876,erm
877,gaz
878,iba
879,lot
880,mor
881,nse
882,rve
883,sim
884,arm
885,bea
886,epa
887,lam
888,rvi
889,vic
890,2.c
891,any
892,dre
893,lon
894,nch
895,nds
896,omm
897,sun
898,way
899,duc
900,glo
901,gre
902,iao
903,ngo
904,nia
905,n.i
906,rse
907,tru
908,t.g
909,ago
910,erg
911,fer
912,ney
913,pp.
914,tco
915,ud.
916,d.n
917,eek
918,gui
919,onv
920,ota
921,ret
922,ti.
923,.eu
924,coo
925,cro
926,dit
927,eer
928,eur
929,foo
930,ors
931,r.o
932,udi
933,uro
934,a.e
935,gar
936,ier
937,off
938,rem
939,ur.
940,ute
941,.my
942,amo
943,ecr
944,fas
945,ike
946,iva
947,ory
948,upe
949,asa
950,bas
951,etw
952,e.t
953,i.i
954,nel
955,cad
956,eto
957,gs.
958,its
959,kar
960,mo.
961,oru
962,roo
963,uti
964,wnl
965,.pk
966,alk
967,apo
968,dan
969,dor
970,iss
971,onn
972,osh
973,.be
974,mac
975,mei
976,mi.
977,m.p
978,q.c
979,s.t
980,tac
981,v.b
982,ary
983,asy
984,bro
985,cel
986,gat
987,iew
988,ifi
989,nor
990,n.d
991,oco
992,soc
993,sor
994,ag.
995,aka
996,aro
997,eac
998,efi
999,e.e
1000,ias
1001,imp
1002,ipa
1003,ips
1004,pub
1005,sol
1006,urs
1007,ams
1008,dra
1009,fli
1010,hol
1011,jav
1012,ku.
1013,nex
1014,odo
1015,oom
1016,rst
1017,sam
1018,umb
1019,wal
1020,yan
1021,.hk
1022,.si
1023,acc
1024,api
1025,cri
1026,eon
1027,hi.
1028,isc
1029,lor
1030,n.o
1031,pop
1032,sky
1033,sty
1034,s.e
1035,ted
1036,tha
1037,vin
1038,wer
1039,ays
1040,erl
1041,ham
1042,lob
1043,pe.
1044,sel
1045,tho
1046,wik
1047,123
1048,.pr
1049,ava
1050,eda
1051,ego
1052,ga.
1053,gol
1054,hd.
1055,ibe
1056,imo
1057,i.n
1058,ke.
1059,lig
1060,nis
1061,od.
1062,opo
1063,.pt
1064,abe
1065,ba.
1066,lo.
1067,onc
1068,owe
1069,tam
1070,ush
1071,bla
1072,cer
1073,ek.
1074,eth
1075,e.d
1076,hip
1077,hor
1078,o.z
1079,poi
1080,rel
1081,van
1082,abo
1083,ats
1084,att
1085,das
1086,ebo
1087,fac
1088,fon
1089,how
1090,isa
1091,itc
1092,lov
1093,nci
1094,niv
1095,ogo
1096,scr
1097,.hu
1098,.us
1099,ais
1100,hai
1101,iga
1102,ik.
1103,uri
1104,y.n
1105,.on
1106,aco
1107,ald
1108,arg
1109,atr
1110,ecu
1111,edo
1112,err
1113,esu
1114,hec
1115,irl
1116,lme
1117,oon
1118,o.g
1119,ped
1120,plo
1121,rar
1122,ut.
1123,yer
1124,dge
1125,ea.
1126,fra
1127,gal
1128,ith
1129,lma
1130,mad
1131,nik
1132,odi
1133,oro
1134,rid
1135,tag
1136,tle
1137,tne
1138,uca
1139,une
1140,yst
1141,7.c
1142,aff
1143,cio
1144,ila
1145,oci
1146,opa
1147,ubl
1148,urn
1149,aza
1150,bay
1151,jus
1152,lip
1153,l.i
1154,nov
1155,nsu
1156,pon
1157,rot
1158,rso
1159,tok
1160,v.a
1161,.sa
1162,alm
1163,ec.
1164,erp
1165,far
1166,mak
1167,nar
1168,ogr
1169,sid
1170,spr
1171,sum
1172,uit
1173,ya.
1174,c.g
1175,j.c
1176,mpa
1177,ny.
1178,oke
1179,ose
1180,ude
1181,.li
1182,arb
1183,awa
1184,bon
1185,enn
1186,fla
1187,hua
1188,meg
1189,pat
1190,rsi
1191,sar
1192,sci
1193,set
1194,tou
1195,ual
1196,amb
1197,bab
1198,elp
1199,eos
1200,hab
1201,hit
1202,ika
1203,kon
1204,lad
1205,loo
1206,m.n
1207,ols
1208,opi
1209,ref
1210,spi
1211,tba
1212,xia
1213,d.o
1214,ege
1215,gos
1216,k.r
1217,low
1218,lue
1219,nos
1220,ole
1221,pli
1222,shu
1223,zin
1224,alc
1225,aya
1226,efo
1227,erb
1228,idi
1229,k.n
1230,l.n
1231,map
1232,mit
1233,ndr
1234,o.r
1235,rol
1236,sne
1237,tak
1238,uid
1239,ull
1240,v.t
1241,.bl
1242,aci
1243,cap
1244,ewa
1245,fir
1246,gli
1247,iar
1248,iat
1249,kor
1250,nki
1251,ogi
1252,rib
1253,rli
1254,rm.
1255,sla
1256,tia
1257,t.e
1258,usa
1259,arr
1260,azi
1261,cie
1262,dec
1263,d.i
1264,eno
1265,ivi
1266,jia
1267,ken
1268,mel
1269,non
1270,nsa
1271,ofi
1272,reg
1273,.nl
1274,aft
1275,aze
1276,cce
1277,cos
1278,ebe
1279,hil
1280,mis
1281,nom
1282,n.g
1283,phi
1284,rca
1285,rge
1286,sub
1287,tie
1288,yle
1289,y.i
1290,aku
1291,ak.
1292,epr
1293,ew.
1294,ict
1295,kas
1296,old
1297,put
1298,sli
1299,tap
1300,tyl
1301,abi
1302,afe
1303,aha
1304,dn.
1305,dri
1306,his
1307,ido
1308,lid
1309,r.j
1310,s.b
1311,ues
1312,ume
1313,-ma
1314,aud
1315,ax.
1316,bel
1317,gan
1318,i.o
1319,mme
1320,nio
1321,nso
1322,obo
1323,ogs
1324,rco
1325,ru.
1326,ssa
1327,toc
1328,va.
1329,.il
1330,.no
1331,atu
1332,bin
1333,bre
1334,epl
1335,g.n
1336,jin
1337,ni.
1338,pel
1339,rod
1340,ung
1341,a.p
1342,eep
1343,egi
1344,em.
1345,exa
1346,fly
1347,iel
1348,itt
1349,nem
1350,orp
1351,oss
1352,pap
1353,row
1354,rto
1355,su.
1356,sys
1357,s.f
1358,thu
1359,tit
1360,uch
1361,uma
1362,xin
1363,-on
1364,ben
1365,buy
1366,dvi
1367,ei.
1368,epe
1369,gla
1370,ibr
1371,im.
1372,inv
1373,ize
1374,key
1375,mbl
1376,nad
1377,nap
1378,nas
1379,och
1380,pir
1381,see
1382,ses
1383,sis
1384,tto
1385,tu.
1386,t.d
1387,xpr
1388,cdn
1389,inn
1390,los
1391,my.
1392,ntu
1393,rdi
1394,sso
1395,tex
1396,tsu
1397,9.c
1398,eck
1399,epi
1400,gsp
1401,hac
1402,iam
1403,iqu
1404,li.
1405,mun
1406,olu
1407,pal
1408,so.
1409,tad
1410,y.o
1411,.sk
1412,a.j
1413,ebs
1414,erf
1415,gir
1416,hao
1417,kit
1418,m.u
1419,nag
1420,n.r
1421,ppl
1422,run
1423,r.d
1424,.th
1425,-st
1426,b.i
1427,dep
1428,dev
1429,etc
1430,ild
1431,itr
1432,lem
1433,lti
1434,o.o
1435,pad
1436,pto
1437,sp.
1438,s.d
1439,uck
1440,vip
1441,a.t
1442,bo.
1443,chr
1444,egr
1445,elt
1446,ht.
1447,i.g
1448,i.r
1449,lt.
1450,mp.
1451,nma
1452,n.e
1453,n.t
1454,pa.
1455,qua
1456,rka
1457,rog
1458,ski
1459,sme
1460,s.j
1461,tum
1462,yun
1463,alp
1464,dy.
1465,er-
1466,lde
1467,mba
1468,mir
1469,opl
1470,opp
1471,oth
1472,ows
1473,pdf
1474,si.
1475,tst
1476,unc
1477,.pe
1478,aye
1479,dou
1480,eap
1481,eci
1482,eld
1483,erd
1484,e.p
1485,ify
1486,imi
1487,itu
1488,lut
1489,m.r
1490,osa
1491,ppe
1492,pra
1493,rde
1494,rds
1495,rim
1496,rks
1497,rni
1498,tee
1499,t.a
1500,val
1501,wee
1502,6.c
1503,-co
1504,agi
1505,bac
1506,big
1507,chu
1508,cul
1509,ful
1510,k.i
1511,max
1512,mp3
1513,mys
1514,oku
1515,pai
1516,rak
1517,rth
1518,wea
1519,adm
1520,bou
1521,chn
1522,eru
1523,fo.
1524,fy.
1525,iri
1526,irt
1527,kyo
1528,led
1529,nai
1530,ngc
1531,npo
1532,osp
1533,rsa
1534,sul
1535,teo
1536,twa
1537,upo
1538,vir
1539,365
1540,-se
1541,aki
1542,ask
1543,blu
1544,ecl
1545,gue
1546,kha
1547,lie
1548,mul
1549,nc.
1550,ngt
1551,ngu
1552,on-
1553,p.n
1554,rei
1555,rof
1556,sai
1557,bot
1558,ebi
1559,fri
1560,gis
1561,gon
1562,hal
1563,he.
1564,ipe
1565,lio
1566,mos
1567,oor
1568,oya
1569,rty
1570,swi
1571,tut
1572,u.n
1573,100
1574,aso
1575,exc
1576,ios
1577,kis
1578,m.s
1579,nea
1580,nka
1581,nni
1582,n.j
1583,rag
1584,roi
1585,sk.
1586,via
1587,00.
1588,.at
1589,.ni
1590,-in
1591,add
1592,a.s
1593,c.u
1594,doo
1595,eak
1596,e.m
1597,fit
1598,gia
1599,gua
1600,gur
1601,gy.
1602,irs
1603,jap
1604,jou
1605,nav
1606,ngi
1607,ots
1608,rp.
1609,sat
1610,sc.
1611,sos
1612,swe
1613,s.a
1614,umi
1615,urc
1616,.wo
1617,al-
1618,cai
1619,di.
1620,e.b
1621,fen
1622,iko
1623,ium
1624,lev
1625,lly
1626,lta
1627,lte
1628,nca
1629,oid
1630,ony
1631,pps
1632,r.e
1633,tme
1634,uta
1635,utu
1636,afi
1637,aru
1638,azo
1639,d.g
1640,ebr
1641,eis
1642,etu
1643,has
1644,heb
1645,hun
1646,ige
1647,img
1648,lls
1649,lse
1650,nba
1651,nke
1652,nsh
1653,n--
1654,oki
1655,opt
1656,oso
1657,pow
1658,rsh
1659,rtu
1660,spl
1661,tlo
1662,uar
1663,vat
1664,wit
1665,xn-
1666,yin
1667,.xx
1668,-to
1669,ait
1670,anz
1671,a.a
1672,bat
1673,bc.
1674,bun
1675,fox
1676,ib.
1677,ift
1678,lai
1679,lim
1680,lr.
1681,mou
1682,mpr
1683,m.o
1684,oga
1685,pea
1686,rpo
1687,sba
1688,vit
1689,ype
1690,.kz
1691,alb
1692,asp
1693,cus
1694,dee
1695,dex
1696,d.r
1697,ibu
1698,kom
1699,leb
1700,lex
1701,lix
1702,maz
1703,nfi
1704,ngd
1705,nko
1706,oc.
1707,omb
1708,ops
1709,ova
1710,o.p
1711,rri
1712,tt.
1713,ui.
1714,uru
1715,za.
1716,zen
1717,360
1718,cop
1719,die
1720,ewe
1721,h.n
1722,l.o
1723,m.e
1724,oan
1725,o.a
1726,pit
1727,saf
1728,sil
1729,tip
1730,uol
1731,vet
1732,yne
1733,.fi
1734,.sg
1735,aph
1736,bol
1737,cru
1738,dl.
1739,dol
1740,dpr
1741,efa
1742,eho
1743,e-s
1744,gas
1745,g.i
1746,iet
1747,isp
1748,izi
1749,lk.
1750,lst
1751,mia
1752,nac
1753,obe
1754,oka
1755,oks
1756,osi
1757,p.i
1758,rov
1759,s.s
1760,tot
1761,try
1762,tse
1763,t.j
1764,wes
1765,xpe
1766,zer
1767,zoo
1768,bao
1769,bi.
1770,bor
1771,dos
1772,eit
1773,hap
1774,iz.
1775,lm.
1776,mem
1777,po.
1778,pus
1779,rda
1780,rig
1781,roa
1782,rui
1783,sde
1784,s.p
1785,tli
1786,uss
1787,uth
1788,wis
1789,yma
1790,zet
1791,.ie
1792,-ne
1793,anh
1794,b.n
1795,dot
1796,evo
1797,flo
1798,hic
1799,inm
1800,m.v
1801,ng-
1802,nth
1803,nvi
1804,pee
1805,rba
1806,rob
1807,ryp
1808,r.g
1809,s.m
1810,til
1811,t.f
1812,uct
1813,u.t
1814,wir
1815,zar
1816,.sh
1817,.vi
1818,abs
1819,adu
1820,aid
1821,amm
1822,anj
1823,bai
1824,cn.
1825,c.e
1826,eha
1827,ff.
1828,gou
1829,g.o
1830,inu
1831,in-
1832,iro
1833,iya
1834,ko.
1835,ky.
1836,lag
1837,lik
1838,mpu
1839,nha
1840,rew
1841,sna
1842,tca
1843,tif
1844,tun
1845,twi
1846,uba
1847,upp
1848,u.p
1849,wel
1850,arl
1851,bia
1852,bos
1853,c.n
1854,c.o
1855,db.
1856,eau
1857,gma
1858,i.j
1859,kai
1860,mam
1861,mmo
1862,mpo
1863,ne-
1864,ngm
1865,ngr
1866,nre
1867,odu
1868,oop
1869,pet
1870,tik
1871,upl
1872,ypt
1873,y.r
1874,65.
1875,aus
1876,av.
1877,ctr
1878,gne
1879,got
1880,hir
1881,icr
1882,lee
1883,moo
1884,ned
1885,nep
1886,nn.
1887,nsp
1888,ods
1889,pti
1890,pt.
1891,p.g
1892,raz
1893,rme
1894,sab
1895,tua
1896,t.s
1897,v.p
1898,wn.
1899,yme
1900,yon
1901,yte
1902,-re
1903,adr
1904,ah.
1905,blr
1906,bur
1907,cht
1908,ees
1909,eop
1910,ffe
1911,fro
1912,h.o
1913,iji
1914,inh
1915,ism
1916,ocu
1917,pec
1918,pes
1919,pix
1920,p.o
1921,rok
1922,tek
1923,t.t
1924,una
1925,vil
1926,voi
1927,v.s
1928,zha
1929,01.
1930,.ao
1931,.ph
1932,.su
1933,amu
1934,anm
1935,anp
1936,dad
1937,dam
1938,hep
1939,hio
1940,ibl
1941,ilo
1942,jet
1943,mg.
1944,nks
1945,nme
1946,rex
1947,rga
1948,rls
1949,smo
1950,stc
1951,sy.
1952,tla
1953,tow
1954,tpa
1955,uda
1956,vol
1957,woo
1958,x.n
1959,-te
1960,anb
1961,apr
1962,bul
1963,cry
1964,det
1965,ebl
1966,fa.
1967,fi.
1968,hro
1969,ibo
1970,inb
1971,kat
1972,mec
1973,m.h
1974,nja
1975,ogy
1976,oms
1977,onf
1978,sed
1979,sts
1980,tfi
1981,tga
1982,tti
1983,ul.
1984,uts
1985,uzz
1986,xx.
1987,ze.
1988,60.
1989,88.
1990,.tu
1991,aho
1992,aim
1993,alu
1994,az.
1995,bib
1996,ddi
1997,erh
1998,esm
1999,fes
2000,geo
2001,hee
2002,hei
2003,him
2004,ipo
2005,ja.
2006,nbo
2007,nol
2008,onp
2009,osc
2010,osm
2011,pia
2012,pi.
2013,pur
2014,sei
2015,sem
2016,st-
2017,tc.
2018,ubi
2019,uff
2020,uil
2021,vo.
2022,yli
2023,21.
2024,alg
2025,anf
2026,aon
2027,apl
2028,a.d
2029,boa
2030,bse
2031,ci.
2032,elm
2033,ep.
2034,eva
2035,fam
2036,fee
2037,hed
2038,ipp
2039,iwa
2040,ixi
2041,kid
2042,lco
2043,ldi
2044,lmi
2045,mom
2046,nen
2047,oky
2048,osd
2049,tfo
2050,tol
2051,t.p
2052,ule
2053,umo
2054,unn
2055,url
2056,xt.
2057,yam
2058,zle
2059,.by
2060,.uo
2061,cco
2062,c.j
2063,dul
2064,eka
2065,e.s
2066,gee
2067,ipl
2068,ji.
2069,lap
2070,lpa
2071,nab
2072,ncl
2073,ndu
2074,nie
2075,nig
2076,oar
2077,ouv
2078,pha
2079,rdp
2080,rla
2081,rra
2082,rro
2083,sav
2084,seo
2085,tep
2086,tta
2087,utt
2088,ysc
2089,-ga
2090,agr
2091,aly
2092,asu
2093,au.
2094,cep
2095,chs
2096,dle
2097,eds
2098,eel
2099,elc
2100,erk
2101,etm
2102,fou
2103,ho.
2104,icl
2105,lav
2106,mah
2107,mbi
2108,mee
2109,mix
2110,miz
2111,m.d
2112,nb.
2113,nu.
2114,oce
2115,oge
2116,oje
2117,o.e
2118,sda
2119,sno
2120,squ
2121,tpo
2122,typ
2123,utl
2124,vec
2125,vi.
2126,v.n
2127,.ae
2128,-pr
2129,afa
2130,afo
2131,agu
2132,a.m
2133,a.u
2134,b.r
2135,cil
2136,dmi
2137,dne
2138,dog
2139,emy
2140,fie
2141,ids
2142,k.o
2143,lba
2144,lca
2145,ldo
2146,ley
2147,le-
2148,lop
2149,l.r
2150,n.a
2151,oes
2152,ofa
2153,oha
2154,reb
2155,rl.
2156,teb
2157,tus
2158,ubs
2159,udo
2160,uga
2161,ycl
2162,.ng
2163,-ca
2164,aja
2165,aps
2166,awe
2167,a.b
2168,ckp
2169,cu.
2170,dal
2171,dco
2172,def
2173,df.
2174,d.e
2175,efe
2176,epu
2177,es-
2178,etb
2179,etv
2180,exi
2181,gn.
2182,hig
2183,hri
2184,hu.
2185,iha
2186,ipt
2187,izl
2188,lep
2189,ltr
2190,l.e
2191,mbe
2192,m.i
2193,oct
2194,orc
2195,otr
2196,roy
2197,sas
2198,stl
2199,swa
2200,tsc
2201,uli
2202,unk
2203,y.g
2204,23.
2205,-ch
2206,-mo
2207,aa.
2208,arp
2209,bio
2210,b.m
2211,cet
2212,cov
2213,dli
2214,dwa
2215,edr
2216,enp
2217,gem
2218,het
2219,icu
2220,imm
2221,inp
2222,kal
2223,leo
2224,lto
2225,mu.
2226,m.g
2227,niu
2228,nya
2229,pst
2230,rmo
2231,rwa
2232,sac
2233,sfo
2234,sle
2235,smi
2236,sus
2237,syn
2238,thr
2239,uis
2240,urk
2241,urt
2242,var
2243,ybe
2244,yco
2245,yti
2246,zz.
2247,10.
2248,.ve
2249,abr
2250,aby
2251,bir
2252,b.o
2253,coc
2254,cts
2255,dma
2256,dst
2257,ebu
2258,eec
2259,eps
2260,esk
2261,e.a
2262,gi.
2263,gor
2264,gun
2265,irb
2266,iu.
2267,jan
2268,jec
2269,kes
2270,kie
2271,lau
2272,l.d
2273,mma
2274,ngb
2275,nla
2276,npa
2277,ntv
2278,oe.
2279,oic
2280,oos
2281,ppi
2282,ppo
2283,py.
2284,re-
2285,roj
2286,r.f
2287,seg
2288,ssp
2289,tmo
2290,uic
2291,uy.
2292,u.s
2293,wil
2294,xch
2295,yal
2296,ymo
2297,ypa
2298,yre
2299,yu.
2300,zal
2301,zhi
2302,.uz
2303,afr
2304,asc
2305,a.f
2306,bsi
2307,chm
2308,c.t
2309,dba
2310,ded
2311,edb
2312,eig
2313,ev.
2314,gel
2315,god
2316,gri
2317,hef
2318,js.
2319,mep
2320,ncy
2321,ngh
2322,ojo
2323,onb
2324,oy.
2325,pod
2326,rbo
2327,rgi
2328,sak
2329,ska
2330,ske
2331,tao
2332,tbo
2333,tei
2334,uen
2335,ums
2336,u.o
2337,viv
2338,v.r
2339,v.u
2340,wei
2341,xam
2342,yo.
2343,ysh
2344,y.s
2345,.ma
2346,.wi
2347,-sh
2348,auc
2349,avo
2350,aw.
2351,axi
2352,bb.
2353,bei
2354,bui
2355,b.e
2356,b.g
2357,ejo
2358,elf
2359,enu
2360,et-
2361,fai
2362,fis
2363,had
2364,igo
2365,ils
2366,ilt
2367,iny
2368,isu
2369,lef
2370,ngw
2371,nny
2372,nsc
2373,o.d
2374,ply
2375,pme
2376,raw
2377,ril
2378,rle
2379,r.t
2380,sau
2381,sbi
2382,tax
2383,uin
2384,u.r
2385,vod
2386,who
2387,ypo
2388,yse
2389,000
2390,.dk
2391,-li
2392,abu
2393,anu
2394,bid
2395,bik
2396,bis
2397,caf
2398,ef.
2399,en-
2400,esf
2401,eys
2402,e-a
2403,gai
2404,gic
2405,gog
2406,g.b
2407,g.r
2408,hiv
2409,hre
2410,ied
2411,jar
2412,jun
2413,kma
2414,kur
2415,l.g
2416,may
2417,neg
2418,ngp
2419,nut
2420,ois
2421,opr
2422,ovo
2423,pc.
2424,rtr
2425,sad
2426,sdi
2427,tsp
2428,twe
2429,uno
2430,ups
2431,urb
2432,urv
2433,ux.
2434,u.i
2435,wif
2436,xtr
2437,xvi
2438,zap
2439,12.
2440,.fm
2441,.nz
2442,abc
2443,ako
2444,alr
2445,amc
2446,aym
2447,buz
2448,cki
2449,dun
2450,ewi
2451,ewo
2452,e-t
2453,fol
2454,gay
2455,heg
2456,hno
2457,igr
2458,inl
2459,ius
2460,ked
2461,kno
2462,kt.
2463,lak
2464,law
2465,lds
2466,lmo
2467,mbo
2468,nau
2469,neo
2470,nmo
2471,n.s
2472,oho
2473,oi.
2474,olf
2475,p.r
2476,rif
2477,rki
2478,rry
2479,rsp
2480,rtm
2481,rut
2482,sep
2483,sre
2484,sst
2485,stm
2486,s.l
2487,tof
2488,tsa
2489,tty
2490,udy
2491,uv.
2492,vas
2493,yca
2494,.gi
2495,.pw
2496,-ba
2497,-po
2498,aar
2499,abb
2500,akt
2501,aul
2502,bad
2503,by.
2504,dga
2505,dsp
2506,eag
2507,edg
2508,esl
2509,ez.
2510,e-c
2511,gad
2512,g.g
2513,g.j
2514,hum
2515,ifa
2516,ipi
2517,kla
2518,kys
2519,lek
2520,lts
2521,ltu
2522,luc
2523,meb
2524,mpi
2525,mst
2526,nef
2527,nna
2528,nop
2529,npr
2530,nwa
2531,n.m
2532,n.p
2533,onm
2534,o.b
2535,pie
2536,rox
2537,rsc
2538,rue
2539,r.m
2540,r.p
2541,sag
2542,sap
2543,tsh
2544,ttl
2545,uji
2546,urg
2547,yar
2548,.lt
2549,-pa
2550,ch-
2551,div
2552,dve
2553,d.t
2554,eko
2555,he-
2556,ibi
2557,iph
2558,iv.
2559,kem
2560,kra
2561,kre
2562,k.d
2563,lms
2564,lsa
2565,lun
2566,me-
2567,ni-
2568,n.f
2569,ofe
2570,ogu
2571,owa
2572,peo
2573,pn.
2574,poo
2575,ppy
2576,riz
2577,rms
2578,rpa
2579,se-
2580,suc
2581,s24
2582,taf
2583,tib
2584,ts-
2585,uns
2586,usc
2587,v.f
2588,v.m
2589,x.i
2590,ych
2591,y.j
2592,y.t
2593,.ap
2594,aer
2595,ahi
2596,ajo
2597,anl
2598,an-
2599,aos
2600,apm
2601,bee
2602,cac
2603,cka
2604,cma
2605,duo
2606,ece
2607,egu
2608,eki
2609,enl
2610,etn
2611,e-b
2612,e-e
2613,ftw
2614,g.u
2615,iad
2616,ixe
2617,i.a
2618,jam
2619,jum
2620,lda
2621,lne
2622,mea
2623,moj
2624,ndb
2625,nji
2626,o.s
2627,pso
2628,pte
2629,rbn
2630,rik
2631,r.a
2632,shd
2633,stb
2634,tcl
2635,tr.
2636,tso
2637,uer
2638,uo.
2639,wha
2640,ww.
2641,ybo
2642,ywo
2643,.mo
2644,aic
2645,alf
2646,ayo
2647,baz
2648,cot
2649,ctu
2650,cut
2651,dca
2652,did
2653,dse
2654,dus
2655,eg.
2656,eja
2657,ety
2658,e-p
2659,gag
2660,gto
2661,g.d
2662,g.t
2663,hba
2664,hew
2665,hr.
2666,iab
2667,iza
2668,kam
2669,kpa
2670,laz
2671,lbo
2672,lso
2673,mie
2674,mmi
2675,mya
2676,nee
2677,neu
2678,nno
2679,nob
2680,nog
2681,nus
2682,nz.
2683,n.b
2684,pun
2685,rez
2686,rix
2687,r.s
2688,scl
2689,sht
2690,ths
2691,tir
2692,tob
2693,t.b
2694,t.m
2695,wid
2696,.hr
2697,.ws
2698,acl
2699,aln
2700,bne
2701,cab
2702,ced
2703,daf
2704,dap
2705,dbo
2706,dfi
2707,dib
2708,edd
2709,eem
2710,erw
2711,esn
2712,etp
2713,fte
2714,gea
2715,hik
2716,hra
2717,hs.
2718,hui
2719,hyp
2720,idg
2721,ig.
2722,inj
2723,iod
2724,i.e
2725,joy
2726,kad
2727,k.p
2728,lph
2729,lyt
2730,mex
2731,myp
2732,nho
2733,nhu
2734,nt-
2735,obl
2736,oji
2737,oxi
2738,o.m
2739,poc
2740,rcl
2741,ruc
2742,sce
2743,teg
2744,tpr
2745,urf
2746,whi
2747,www
2748,xy.
2749,yes
2750,ytr
2751,18.
2752,3mo
2753,.lk
2754,.rs
2755,-an
2756,-da
2757,-de
2758,-do
2759,-fi
2760,acr
2761,akh
2762,apt
2763,asm
2764,aun
2765,ayc
2766,bnb
2767,ce-
2768,cyc
2769,cy.
2770,c.r
2771,ee-
2772,eid
2773,ept
2774,equ
2775,e-m
2776,fut
2777,gom
2778,hbo
2779,hne
2780,ior
2781,isl
2782,kle
2783,kup
2784,lei
2785,llp
2786,lve
2787,lys
2788,mid
2789,ndl
2790,obu
2791,occ
2792,oub
2793,oxy
2794,o.f
2795,pok
2796,ppa
2797,pul
2798,rah
2799,rau
2800,rbe
2801,rci
2802,ror
2803,sbo
2804,stp
2805,tdo
2806,te-
2807,toa
2808,utr
2809,uty
2810,x.r
2811,x.t
2812,yen
2813,zho
2814,23m
2815,.bg
2816,.is
2817,adb
2818,byt
2819,cc.
2820,cea
2821,cte
2822,dc.
2823,edc
2824,eeb
2825,elb
2826,fec
2827,fed
2828,gac
2829,gdi
2830,hma
2831,iac
2832,ii.
2833,ims
2834,isk
2835,isn
2836,itm
2837,ivo
2838,i.t
2839,ksh
2840,kst
2841,lal
2842,lf.
2843,lol
2844,lom
2845,lp.
2846,mig
2847,mik
2848,moc
2849,ngn
2850,nip
2851,ody
2852,opc
2853,otb
2854,ray
2855,rbi
2856,rer
2857,rfe
2858,rgo
2859,rmi
2860,rpr
2861,rva
2862,rys
2863,sm.
2864,som
2865,ssc
2866,ssl
2867,svi
2868,s.x
2869,thl
2870,tz.
2871,t-s
2872,ua.
2873,uel
2874,uki
2875,ump
2876,usp
2877,u.j
2878,vag
2879,vey
2880,whe
2881,yad
2882,yas
2883,yba
2884,yho
2885,yna
2886,ypi
2887,yua
2888,.do
2889,-la
2890,acu
2891,atl
2892,azu
2893,bie
2894,br.
2895,bst
2896,bud
2897,b.a
2898,deb
2899,deg
2900,dha
2901,dim
2902,ebc
2903,efr
2904,egy
2905,ehe
2906,elu
2907,emb
2908,ems
2909,esd
2910,etf
2911,fle
2912,foc
2913,gig
2914,gio
2915,gul
2916,hie
2917,hlo
2918,imu
2919,iou
2920,ird
2921,itb
2922,itn
2923,izz
2924,kee
2925,kip
2926,k.g
2927,lel
2928,mpe
2929,myd
2930,ndc
2931,nd-
2932,nfa
2933,nof
2934,ocs
2935,opu
2936,osu
2937,oug
2938,oul
2939,pda
2940,rek
2941,rns
2942,sdo
2943,sir
2944,sko
2945,stf
2946,s.u
2947,tna
2948,tog
2949,tpl
2950,tvi
2951,uce
2952,upa
2953,u.b
2954,vem
2955,yi.
2956,ylo
2957,yto
2958,zi.
2959,2ch
2960,201
2961,68.
2962,-mi
2963,-ra
2964,-tr
2965,adt
2966,ayt
2967,chb
2968,cko
2969,cta
2970,dop
2971,dpo
2972,edt
2973,ehi
2974,eh.
2975,emu
2976,eou
2977,eus
2978,ezo
2979,e.u
2980,e-g
2981,fab
2982,fus
2983,hib
2984,huo
2985,h.g
2986,h.i
2987,iag
2988,igu
2989,ipr
2990,itl
2991,jo.
2992,kba
2993,kho
2994,k.t
2995,lre
2996,l.a
2997,mur
2998,myc
2999,myf
3000,nak
3001,ngf
3002,nif
3003,nix
3004,noo
3005,ntp
3006,ofo
3007,oko
3008,onk
3009,ooo
3010,pid
3011,psp
3012,reo
3013,rf.
3014,rtn
3015,r.b
3016,scu
3017,slo
3018,sok
3019,tiq
3020,tni
3021,to-
3022,tsi
3023,tvs
3024,uku
3025,unl
3026,v.o
3027,wse
3028,yda
3029,y.p
3030,zil
3031,zu.
3032,.st
3033,-be
3034,-pl
3035,-sp
3036,af.
3037,alw
3038,anw
3039,arv
3040,aur
3041,azz
3042,bak
3043,bu.
3044,ckm
3045,cne
3046,dpa
3047,d.p
3048,edm
3049,eln
3050,enf
3051,env
3052,fos
3053,gif
3054,gst
3055,hts
3056,iec
3057,iff
3058,imb
3059,irc
3060,irr
3061,kab
3062,kak
3063,koo
3064,lfa
3065,lsi
3066,l.t
3067,mef
3068,nbl
3069,ncr
3070,ndy
3071,neh
3072,nei
3073,nhe
3074,ntc
3075,nwe
3076,oyu
3077,p3.
3078,p.j
3079,rc.
3080,rkt
3081,rug
3082,rup
3083,sfi
3084,ssu
3085,tiz
3086,tup
3087,ueg
3088,uka
3089,unb
3090,vse
3091,wow
3092,yno
3093,ypr
3094,yso
3095,z.n
3096,001
3097,99.
3098,.eg
3099,-fr
3100,-ho
3101,-me
3102,aif
3103,atv
3104,bod
3105,ckc
3106,coa
3107,dao
3108,dsh
3109,dyn
3110,d.a
3111,d.j
3112,eir
3113,eke
3114,eof
3115,flu
3116,fs.
3117,gge
3118,gna
3119,hah
3120,hau
3121,heh
3122,h.e
3123,ifu
3124,it-
3125,jac
3126,jor
3127,kic
3128,kil
3129,kri
3130,kro
3131,kut
3132,llt
3133,lsh
3134,lug
3135,lu.
3136,l.j
3137,mca
3138,mc.
3139,mm.
3140,myb
3141,myt
3142,na-
3143,nbe
3144,neb
3145,ngk
3146,nod
3147,npi
3148,nzh
3149,oa.
3150,olx
3151,oph
3152,orb
3153,ouc
3154,pco
3155,png
3156,pse
3157,p.p
3158,rbu
3159,rdo
3160,rlo
3161,rtl
3162,rt-
3163,ryo
3164,saa
3165,sd.
3166,seb
3167,ss-
3168,sth
3169,s-s
3170,tfa
3171,tm.
3172,toy
3173,uc.
3174,uge
3175,ulu
3176,ury
3177,u.g
3178,wa.
3179,won
3180,xel
3181,xue
3182,y.m
3183,zai
3184,-bo
3185,-cl
3186,-fo
3187,-gr
3188,-sc
3189,-we
3190,adg
3191,aob
3192,a-s
3193,bah
3194,bic
3195,bma
3196,but
3197,b.p
3198,cba
3199,cd.
3200,cim
3201,cyb
3202,dcl
3203,dme
3204,dmo
3205,dof
3206,dub
3207,dwi
3208,d.d
3209,efl
3210,eks
3211,enz
3212,fat
3213,fem
3214,fet
3215,fx.
3216,gap
3217,hav
3218,hda
3219,hla
3220,hoc
3221,hoe
3222,hoi
3223,hte
3224,iem
3225,iot
3226,iq.
3227,k.e
3228,leh
3229,lga
3230,lpo
3231,lux
3232,lx.
3233,ndt
3234,ngg
3235,ngy
3236,nly
3237,nou
3238,ntf
3239,n-t
3240,opm
3241,oyo
3242,oys
3243,pio
3244,pis
3245,ppc
3246,pr.
3247,psc
3248,pu.
3249,p.e
3250,raj
3251,reh
3252,rfi
3253,rgy
3254,rpl
3255,rub
3256,rul
3257,r.k
3258,s.w
3259,tgo
3260,tsm
3261,uco
3262,uk.
3263,u.m
3264,ved
3265,wai
3266,wav
3267,wen
3268,ysi
3269,zan
3270,4.i
3271,.ag
3272,.la
3273,-so
3274,adl
3275,ags
3276,aig
3277,aiw
3278,aji
3279,aks
3280,anr
3281,apk
3282,atf
3283,bed
3284,btc
3285,b.j
3286,cip
3287,c.k
3288,efu
3289,ehu
3290,eim
3291,eor
3292,e24
3293,e.x
3294,fc.
3295,fid
3296,gda
3297,gme
3298,hme
3299,hur
3300,hy.
3301,icb
3302,ija
3303,itz
3304,izo
3305,jue
3306,ju.
3307,kos
3308,kto
3309,k12
3310,lbe
3311,liz
3312,lum
3313,mmu
3314,muz
3315,ndf
3316,nid
3317,nsf
3318,nsw
3319,ntl
3320,ntt
3321,ocl
3322,ogg
3323,olt
3324,opd
3325,otc
3326,owi
3327,owt
3328,oz.
3329,pep
3330,pik
3331,pne
3332,ppt
3333,rfo
3334,shs
3335,sie
3336,soo
3337,ssy
3338,sud
3339,sui
3340,tbr
3341,tef
3342,teh
3343,tet
3344,t-c
3345,ugh
3346,umm
3347,upd
3348,urd
3349,us-
3350,wed
3351,wri
3352,w.n
3353,yap
3354,yfo
3355,ysa
3356,y.e
3357,zhu
3358,zo.
3359,168
3360,.gg
3361,.ju
3362,.lv
3363,.mk
3364,aan
3365,adc
3366,ae.
3367,ahe
3368,aix
3369,ai-
3370,amt
3371,anv
3372,aod
3373,ayp
3374,ayu
3375,bom
3376,cca
3377,ceb
3378,chl
3379,cis
3380,ckt
3381,csc
3382,css
3383,dei
3384,dif
3385,diz
3386,dm.
3387,dns
3388,dte
3389,eil
3390,elh
3391,enb
3392,enk
3393,exu
3394,eze
3395,e-d
3396,fal
3397,fap
3398,ga-
3399,gc.
3400,gni
3401,goa
3402,gru
3403,g.a
3404,iho
3405,ilk
3406,inr
3407,irm
3408,isd
3409,itv
3410,joi
3411,jok
3412,kei
3413,kli
3414,kne
3415,kul
3416,liq
3417,lpr
3418,lym
3419,mb.
3420,ndh
3421,nue
3422,n-s
3423,oal
3424,odr
3425,omu
3426,op-
3427,owl
3428,pb.
3429,pca
3430,p.a
3431,rfa
3432,rhe
3433,rtp
3434,sdm
3435,sfe
3436,shb
3437,smu
3438,sn.
3439,sod
3440,spu
3441,sua
3442,s-c
3443,tui
3444,t-a
3445,uai
3446,ubu
3447,udd
3448,uee
3449,ugu
3450,urr
3451,vpn
3452,v.g
3453,wto
3454,w.g
3455,yfi
3456,yth
3457,ywe
3458,zip
3459,zy.
3460,.ec
3461,.ke
3462,-mu
3463,-no
3464,-su
3465,-ta
3466,-ti
3467,-tv
3468,ahr
3469,anx
3470,arf
3471,asr
3472,aws
3473,bag
3474,bec
3475,boy
3476,cei
3477,cob
3478,c.a
3479,de-
3480,dfc
3481,dna
3482,d.m
3483,ely
3484,el-
3485,enr
3486,eoc
3487,ewt
3488,e-f
3489,fot
3490,gec
3491,ge-
3492,hid
3493,hif
3494,hk.
3495,hni
3496,hq.
3497,hse
3498,hti
3499,iai
3500,icc
3501,idc
3502,igg
3503,i.f
3504,kap
3505,kim
3506,kol
3507,k.a
3508,lfi
3509,llu
3510,md.
3511,mso
3512,msu
3513,ndm
3514,nfl
3515,nib
3516,nil
3517,nju
3518,noi
3519,ntb
3520,ntm
3521,nva
3522,obb
3523,oly
3524,oob
3525,otu
3526,pak
3527,qin
3528,rbg
3529,rho
3530,say
3531,sfr
3532,sgu
3533,tav
3534,ttr
3535,tul
3536,t24
3537,uha
3538,uls
3539,vea
3540,voc
3541,wom
3542,xte
3543,xun
3544,ydo
3545,ye.
3546,yhe
3547,yim
3548,yor
3549,yri
3550,11.
3551,20.
3552,2.n
3553,4u.
3554,.sp
3555,-th
3556,ady
3557,aij
3558,asd
3559,bam
3560,bca
3561,bha
3562,buc
3563,cic
3564,cir
3565,ckb
3566,cue
3567,cum
3568,dab
3569,dac
3570,dde
3571,dil
3572,dob
3573,dok
3574,dsc
3575,edw
3576,elk
3577,etl
3578,eut
3579,fax
3580,fix
3581,fuc
3582,fu.
3583,gca
3584,gco
3585,gha
3586,gpo
3587,guo
3588,gu.
3589,g.p
3590,hod
3591,ia-
3592,if.
3593,ihe
3594,iit
3595,ioc
3596,irp
3597,iv-
3598,iyi
3599,iyu
3600,kof
3601,kop
3602,ksa
3603,kua
3604,lcu
3605,lge
3606,lil
3607,ll-
3608,lwa
3609,lya
3610,l.f
3611,ma-
3612,mbu
3613,mew
3614,moe
3615,mof
3616,myl
3617,ncu
3618,nud
3619,nux
3620,nym
3621,oir
3622,oja
3623,onu
3624,otp
3625,owo
3626,oza
3627,phe
3628,pip
3629,rgu
3630,roe
3631,rtb
3632,sbu
3633,sb.
3634,seh
3635,sra
3636,std
3637,stv
3638,stw
3639,tig
3640,tki
3641,tmi
3642,tuf
3643,t-t
3644,uat
3645,ubt
3646,ug.
3647,uke
3648,usb
3649,uve
3650,uxi
3651,vos
3652,wap
3653,was
3654,wp.
3655,wso
3656,yab
3657,yde
3658,ydi
3659,yip
3660,yro
3661,ywa
3662,y.a
3663,zam
3664,4.n
3665,.ai
3666,.ly
3667,-lo
3668,adp
3669,ael
3670,aib
3671,aik
3672,alv
3673,aug
3674,ayl
3675,ayn
3676,a.h
3677,bbs
3678,bd.
3679,bob
3680,b.d
3681,cci
3682,cec
3683,cem
3684,cid
3685,csp
3686,cup
3687,ddo
3688,ddy
3689,dso
3690,dur
3691,dva
3692,eij
3693,eiz
3694,enh
3695,eny
3696,eol
3697,eph
3698,esb
3699,etd
3700,eup
3701,eu.
3702,eye
3703,ezi
3704,e-l
3705,e-n
3706,fak
3707,fco
3708,fei
3709,fm.
3710,f.g
3711,f.r
3712,gei
3713,g.e
3714,haa
3715,hdf
3716,heo
3717,hia
3718,hle
3719,h.r
3720,iap
3721,ic-
3722,isr
3723,ixa
3724,i.m
3725,i-s
3726,kpo
3727,kr.
3728,kse
3729,ktr
3730,kus
3731,lch
3732,lho
3733,lka
3734,llb
3735,llc
3736,lyo
3737,lyr
3738,l.m
3739,mao
3740,meo
3741,mne
3742,mol
3743,mop
3744,myh
3745,myr
3746,my-
3747,nbu
3748,ndg
3749,ngj
3750,nok
3751,nqu
3752,nsl
3753,nxx
3754,nyu
3755,n.u
3756,onh
3757,opb
3758,opy
3759,oum
3760,o.v
3761,o-s
3762,pma
3763,ptc
3764,roz
3765,sah
3766,sbe
3767,sev
3768,sfa
3769,sga
3770,sgo
3771,sif
3772,ssr
3773,suk
3774,taw
3775,tbi
3776,tcr
3777,teu
3778,tl.
3779,tvn
3780,t.h
3781,t-m
3782,uot
3783,upt
3784,uwa
3785,u.d
3786,vac
3787,vig
3788,voy
3789,xic
3790,xpo
3791,x.o
3792,yat
3793,ybu
3794,yel
3795,yot
3796,zim
3797,101
3798,.bd
3799,.qa
3800,-al
3801,-di
3802,-en
3803,-ka
3804,aas
3805,ad-
3806,anq
3807,arz
3808,atp
3809,a-c
3810,a-m
3811,baj
3812,cb.
3813,chc
3814,ckr
3815,cpa
3816,cub
3817,c.z
3818,dbe
3819,dch
3820,dda
3821,dfo
3822,dto
3823,dt.
3824,dup
3825,d.s
3826,eaf
3827,edp
3828,eea
3829,egg
3830,ehd
3831,e1.
3832,e.v
3833,ffa
3834,fts
3835,gch
3836,gdo
3837,ggi
3838,gie
3839,gsh
3840,gti
3841,gya
3842,haw
3843,hli
3844,hta
3845,htm
3846,idl
3847,idu
3848,iol
3849,iom
3850,isb
3851,itp
3852,iwi
3853,iyo
3854,izu
3855,jab
3856,jie
3857,kch
3858,kco
3859,kia
3860,kir
3861,kok
3862,kot
3863,kou
3864,kti
3865,lah
3866,lod
3867,loi
3868,maf
3869,miu
3870,mla
3871,nah
3872,nbi
3873,ngz
3874,nky
3875,noy
3876,nra
3877,num
3878,nza
3879,oas
3880,obr
3881,ofu
3882,orf
3883,o.x
3884,phy
3885,quo
3886,rcu
3887,rdu
3888,rnh
3889,rnt
3890,rsu
3891,rtv
3892,sao
3893,sdf
3894,shm
3895,sik
3896,sni
3897,ssb
3898,ssm
3899,stg
3900,tay
3901,tde
3902,tfl
3903,tid
3904,tn.
3905,tth
3906,tyo
3907,t.l
3908,t.u
3909,ucc
3910,urp
3911,uso
3912,wiz
3913,wre
3914,xpl
3915,xus
3916,yga
3917,yla
3918,y.d
3919,zei
3920,zes
3921,zor
3922,z.d
3923,z.i
3924,1.n
3925,247
3926,47.
3927,.ge
3928,-ha
3929,-ja
3930,-si
3931,-vi
3932,-wi
3933,aat
3934,acy
3935,aip
3936,amw
3937,aoc
3938,arh
3939,arw
3940,awi
3941,ayi
3942,bbe
3943,bru
3944,cag
3945,cao
3946,ckl
3947,cl.
3948,cog
3949,cpl
3950,cp.
3951,da-
3952,ddl
3953,dho
3954,diu
3955,eav
3956,ed-
3957,ekl
3958,elv
3959,erz
3960,esy
3961,eya
3962,e.l
3963,fel
3964,fig
3965,fma
3966,fsd
3967,fto
3968,f.n
3969,gab
3970,gg.
3971,ghe
3972,gum
3973,gus
3974,hmo
3975,hob
3976,huf
3977,hut
3978,ikk
3979,iku
3980,ilf
3981,inw
3982,iob
3983,iru
3984,izh
3985,jer
3986,kag
3987,kay
3988,kun
3989,k.m
3990,laf
3991,lg.
3992,lha
3993,lir
3994,llm
3995,lpe
3996,lsp
3997,l.b
3998,l-s
3999,mco
4000,mfo
4001,moh
4002,moi
4003,mps
4004,msh
4005,nek
4006,nev
4007,ngx
4008,nmi
4009,nsb
4010,nua
4011,nun
4012,nyi
4013,nyt
4014,ocr
4015,odl
4016,olv
4017,peg
4018,pei
4019,pil
4020,pm.
4021,pta
4022,qia
4023,rbl
4024,rdr
4025,rmu
4026,rz.
4027,sgr
4028,shk
4029,shl
4030,sl.
4031,sro
4032,srv
4033,sym
4034,tb.
4035,tda
4036,thy
4037,tke
4038,t.v
4039,upi
4040,uz.
4041,vad
4042,wag
4043,wsp
4044,wst
4045,ws-
4046,w.i
4047,xa.
4048,xmo
4049,x.p
4050,ygo
4051,yvi
4052,zio
4053,.ga
4054,.sc
4055,-ex
4056,-fa
4057,-go
4058,abt
4059,adh
4060,adn
4061,alh
4062,amy
4063,aom
4064,aop
4065,ar-
4066,awo
4067,azy
4068,a.l
4069,a-a
4070,bti
4071,ceh
4072,cga
4073,cg.
4074,chf
4075,chp
4076,ckf
4077,cky
4078,coe
4079,dag
4080,dbl
4081,deu
4082,dik
4083,diy
4084,dod
4085,dwo
4086,edl
4087,eeg
4088,egl
4089,eib
4090,eic
4091,eji
4092,enw
4093,etg
4094,exe
4095,e-r
4096,fr.
4097,fur
4098,gah
4099,gao
4100,geb
4101,gep
4102,gho
4103,gil
4104,g.m
4105,hay
4106,hca
4107,hco
4108,hpo
4109,hsc
4110,hwa
4111,iae
4112,icm
4113,icy
4114,ieb
4115,igl
4116,iwe
4117,izm
4118,jp.
4119,kau
4120,kme
4121,kvi
4122,liu
4123,lke
4124,llh
4125,lpl
4126,lyp
4127,mbr
4128,mek
4129,mls
4130,mtr
4131,myw
4132,ndp
4133,nle
4134,nvo
4135,nwo
4136,nxi
4137,nx.
4138,nyc
4139,oac
4140,oit
4141,ooc
4142,ooz
4143,otl
4144,ouz
4145,o-c
4146,pcu
4147,php
4148,pif
4149,pk.
4150,pru
4151,psh
4152,p.t
4153,raa
4154,ra-
4155,rdc
4156,reu
4157,rko
4158,rnb
4159,ro-
4160,rpe
4161,rr.
4162,rv.
4163,rya
4164,sbr
4165,sef
4166,shr
4167,sib
4168,sip
4169,ssd
4170,stn
4171,swo
4172,sw.
4173,tau
4174,ta-
4175,tbe
4176,tfr
4177,thc
4178,tjo
4179,tov
4180,tyt
4181,ubo
4182,ueb
4183,uec
4184,uiz
4185,ukr
4186,usu
4187,utc
4188,vs.
4189,xce
4190,xi.
4191,xnx
4192,yfa
4193,yta
4194,zak
4195,14.
4196,19.
4197,.re
4198,-ar
4199,-he
4200,-na
4201,-sa
4202,-tu
4203,aih
4204,aqu
4205,ayb
4206,ay-
4207,beb
4208,beg
4209,beh
4210,bim
4211,bna
4212,bok
4213,bsc
4214,bt.
4215,cdo
4216,chw
4217,cst
4218,ct-
4219,cua
4220,dek
4221,dfa
4222,dhu
4223,dr.
4224,dth
4225,dtr
4226,ebn
4227,eio
4228,ekt
4229,enj
4230,eom
4231,exo
4232,eyo
4233,eyw
4234,f.o
4235,gaf
4236,gmo
4237,gm.
4238,gno
4239,goe
4240,gta
4241,guy
4242,gwa
4243,hak
4244,hek
4245,hiz
4246,hus
4247,ibb
4248,icf
4249,idd
4250,iep
4251,ifl
4252,iop
4253,io-
4254,ipc
4255,irf
4256,irg
4257,isf
4258,i.p
4259,jas
4260,joo
4261,kao
4262,kaz
4263,klo
4264,kni
4265,ksi
4266,lax
4267,lb.
4268,lc.
4269,lki
4270,lko
4271,lmy
4272,lsc
4273,lty
4274,lvi
4275,lyn
4276,mmy
4277,mut
4278,m.k
4279,nbc
4280,nfe
4281,niz
4282,njo
4283,nkc
4284,n-a
4285,odb
4286,ohi
4287,ohu
4288,okm
4289,okr
4290,oqu
4291,oye
4292,ozi
4293,ozo
4294,pch
4295,pl.
4296,poe
4297,ppr
4298,psi
4299,rb.
4300,rfr
4301,riy
4302,rtf
4303,rwe
4304,ryd
4305,r.u
4306,sek
4307,six
4308,sov
4309,sss
4310,s-d
4311,s-o
4312,tah
4313,thm
4314,tya
4315,tyi
4316,tys
4317,ued
4318,uet
4319,ugi
4320,ugo
4321,uip
4322,unp
4323,uya
4324,veg
4325,vep
4326,voo
4327,vor
4328,v.h
4329,v.k
4330,xar
4331,xim
4332,x.g
4333,yao
4334,ypl
4335,ysp
4336,ysu
4337,zhe
4338,zmo
4339,zna
4340,zza
4341,77.
4342,8.n
4343,.im
4344,.kw
4345,-as
4346,aad
4347,abn
4348,aen
4349,agh
4350,agn
4351,alz
4352,aol
4353,aoy
4354,asl
4355,ayf
4356,a24
4357,bau
4358,boc
4359,b.v
4360,cak
4361,chd
4362,cku
4363,cof
4364,cqu
4365,dak
4366,dav
4367,daw
4368,dd.
4369,dni
4370,ebh
4371,ecc
4372,ecn
4373,eef
4374,ehr
4375,eob
4376,eog
4377,eot
4378,epp
4379,erj
4380,esr
4381,eym
4382,e.h
4383,e-i
4384,fl.
4385,fmo
4386,ftc
4387,fth
4388,gba
4389,gef
4390,gfa
4391,ggo
4392,goc
4393,gop
4394,gsa
4395,gsm
4396,gso
4397,hej
4398,hga
4399,hka
4400,hof
4401,iaw
4402,icp
4403,idp
4404,ie-
4405,igm
4406,igs
4407,iju
4408,ipu
4409,iqi
4410,itf
4411,i.l
4412,jal
4413,jeu
4414,jim
4415,jon
4416,kea
4417,kel
4418,kte
4419,k.b
4420,lcl
4421,ldw
4422,lks
4423,lud
4424,lul
4425,lur
4426,lwe
4427,lye
4428,lyw
4429,l.u
4430,maa
4431,mez
4432,mfa
4433,mih
4434,msa
4435,msp
4436,mwa
4437,myi
4438,nfr
4439,nh.
4440,noc
4441,ntg
4442,nyo
4443,n-p
4444,oap
4445,oem
4446,ofc
4447,of.
4448,olb
4449,olk
4450,onw
4451,oof
4452,or-
4453,oty
4454,oux
4455,owd
4456,oze
4457,o.l
4458,pau
4459,pd.
4460,psu
4461,pts
4462,pyt
4463,p.b
4464,rae
4465,rdw
4466,rnm
4467,rtc
4468,r-s
4469,sbl
4470,sjo
4471,spn
4472,spy
4473,sri
4474,sug
4475,sya
4476,s-p
4477,tbu
4478,tew
4479,tix
4480,tml
4481,tsb
4482,tsl
4483,ubb
4484,uev
4485,uko
4486,ulo
4487,uon
4488,upr
4489,usk
4490,usl
4491,utn
4492,uye
4493,uyo
4494,uzi
4495,vau
4496,vee
4497,vej
4498,vr.
4499,vue
4500,v.e
4501,wet
4502,wo.
4503,xer
4504,xiu
4505,xo.
4506,xtu
4507,yak
4508,ybi
4509,yog
4510,y.b
4511,zit
4512,zur
4513,15.
4514,4.r
4515,.am
4516,.cr
4517,.ee
4518,.pa
4519,.po
4520,.we
4521,.xn
4522,-ac
4523,-ad
4524,-ge
4525,-it
4526,-le
4527,-pe
4528,ac-
4529,adf
4530,adz
4531,aed
4532,afl
4533,aia
4534,aj.
4535,alj
4536,aot
4537,apf
4538,apu
4539,aq.
4540,asb
4541,asn
4542,atm
4543,atn
4544,at-
4545,a-d
4546,a-n
4547,a-t
4548,bba
4549,bby
4550,bho
4551,b.b
4552,b.s
4553,b.t
4554,ca-
4555,cbs
4556,ccl
4557,cef
4558,chk
4559,chy
4560,ckh
4561,cr.
4562,cse
4563,csi
4564,cug
4565,c.f
4566,dip
4567,dp.
4568,dru
4569,dsm
4570,dsu
4571,dta
4572,dum
4573,dys
4574,d.l
4575,eaw
4576,ebm
4577,eez
4578,eia
4579,eju
4580,ekh
4581,ekn
4582,elg
4583,enm
4584,esw
4585,ewr
4586,e.w
4587,fau
4588,gim
4589,gof
4590,goi
4591,g.s
4592,haf
4593,heu
4594,hey
4595,hi-
4596,hl.
4597,hul
4598,hwe
4599,h.t
4600,ief
4601,ifo
4602,iks
4603,ilb
4604,ilg
4605,ilp
4606,irk
4607,is-
4608,iye
4609,i-t
4610,jit
4611,j.g
4612,kbo
4613,khb
4614,kmo
4615,koc
4616,kum
4617,k.j
4618,lao
4619,lci
4620,ldr
4621,lgo
4622,lna
4623,lok
4624,loy
4625,lsu
4626,ly-
4627,l-c
4628,mab
4629,mbc
4630,mli
4631,moa
4632,mpt
4633,mp4
4634,mye
4635,nao
4636,nez
4637,nfu
4638,noa
4639,no-
4640,npl
4641,nqi
4642,nsd
4643,nwi
4644,nyw
4645,n-n
4646,oat
4647,oen
4648,oex
4649,ofm
4650,ofr
4651,okt
4652,olm
4653,omt
4654,orw
4655,osk
4656,osy
4657,ot-
4658,ouy
4659,owp
4660,o24
4661,o.h
4662,o-m
4663,ptr
4664,p.s
4665,rey
4666,rfl
4667,rgr
4668,riu
4669,rtg
4670,rx.
4671,rye
4672,r-p
4673,saw
4674,siz
4675,sku
4676,sms
4677,ssh
4678,sve
4679,s.h
4680,s-a
4681,s-m
4682,taa
4683,taz
4684,tce
4685,td.
4686,tfu
4687,thw
4688,tno
4689,toh
4690,toi
4691,tp.
4692,trk
4693,tuc
4694,tyb
4695,tyf
4696,tym
4697,t-e
4698,t-f
4699,uad
4700,uap
4701,ue-
4702,ugd
4703,uyi
4704,vap
4705,vn.
4706,weg
4707,wi.
4708,wol
4709,w.o
4710,xon
4711,xpa
4712,xst
4713,x.j
4714,ybr
4715,yem
4716,yet
4717,yex
4718,ync
4719,yra
4720,yx.
4721,y.f
4722,y-s
4723,zaa
4724,zad
4725,zne
4726,z.r
4727,z.t
4728,300
4729,888
4730,.ba
4731,.bz
4732,.dz
4733,.gc
4734,.k1
4735,-ap
4736,-ko
4737,-wo
4738,-yo
4739,adw
4740,aes
4741,agg
4742,ahl
4743,ahu
4744,akb
4745,amg
4746,aok
4747,apc
4748,apy
4749,atb
4750,aum
4751,ayd
4752,ayg
4753,a2.
4754,bbl
4755,bso
4756,bte
4757,bug
4758,ccu
4759,ceo
4760,cfa
4761,chg
4762,cif
4763,ckd
4764,cpo
4765,crm
4766,cv.
4767,c.m
4768,c.p
4769,deh
4770,djo
4771,dry
4772,dut
4773,d.b
4774,d.f
4775,d-s
4776,eeh
4777,eff
4778,eml
4779,eod
4780,etz
4781,eun
4782,ewh
4783,ewp
4784,exm
4785,eza
4786,e-h
4787,e-o
4788,ffm
4789,f.f
4790,f.i
4791,gbu
4792,ged
4793,gh.
4794,gid
4795,giz
4796,gji
4797,gko
4798,gns
4799,g-s
4800,hev
4801,hfs
4802,hij
4803,hp.
4804,hsb
4805,hst
4806,hth
4807,hto
4808,htr
4809,h.a
4810,icd
4811,ihu
4812,ijo
4813,inz
4814,ip-
4815,irw
4816,ivr
4817,i.u
4818,jad
4819,jen
4820,jhf
4821,jog
4822,joh
4823,kaw
4824,kdo
4825,kik
4826,kiw
4827,kjh
4828,ko-
4829,kpl
4830,kso
4831,ksu
4832,kta
4833,ktu
4834,lbi
4835,leu
4836,lgr
4837,luk
4838,lyb
4839,lyc
4840,lyh
4841,l-t
4842,mcl
4843,mda
4844,mdo
4845,meh
4846,meu
4847,mib
4848,mim
4849,ml.
4850,mn.
4851,moz
4852,mra
4853,mse
4854,mti
4855,mvi
4856,myn
4857,mz.
4858,naz
4859,nej
4860,nir
4861,nkb
4862,nox
4863,nsk
4864,nty
4865,nyp
4866,nzi
4867,n-c
4868,n-m
4869,obt
4870,ocp
4871,odg
4872,oed
4873,oer
4874,ohe
4875,ohn
4876,oil
4877,okc
4878,okj
4879,omy
4880,om-
4881,onr
4882,osn
4883,os-
4884,oui
4885,pba
4886,pbo
4887,pex
4888,pfi
4889,ph.
4890,pim
4891,piz
4892,psa
4893,psy
4894,p1a
4895,p.f
4896,p.m
4897,qiu
4898,qoo
4899,qu.
4900,rbr
4901,rcr
4902,rir
4903,roh
4904,rsn
4905,rud
4906,rwo
4907,ryb
4908,sob
4909,sru
4910,ssk
4911,stj
4912,syp
4913,s1.
4914,s-g
4915,s-t
4916,tdi
4917,tka
4918,tly
4919,toe
4920,tpi
4921,tpu
4922,tva
4923,t36
4924,t-l
4925,t-o
4926,uci
4927,udg
4928,ufe
4929,uir
4930,uza
4931,uzo
4932,viz
4933,vno
4934,von
4935,vt.
4936,wak
4937,wix
4938,wle
4939,wsb
4940,wta
4941,xca
4942,xto
4943,x.f
4944,yea
4945,yjo
4946,ymp
4947,ynd
4948,zte
4949,zw.
4950,zze
4951,0.n
4952,13.
4953,22.
4954,3d.
4955,66.
4956,.as
4957,.fu
4958,.ic
4959,.lo
4960,.lu
4961,.na
4962,.tn
4963,.tz
4964,-au
4965,-bi
4966,-cr
4967,-zo
4968,--p
4969,acs
4970,aex
4971,ahd
4972,akk
4973,aml
4974,amn
4975,am-
4976,aoh
4977,aox
4978,arj
4979,atk
4980,aty
4981,avt
4982,ayh
4983,azd
4984,bbi
4985,bcr
4986,bde
4987,bem
4988,bux
4989,cbo
4990,ck-
4991,cmo
4992,cms
4993,cm.
4994,csa
4995,ctv
4996,ddr
4997,dh.
4998,dox
4999,do-
5000,dsa
5001,dvd
5002,dwe
5003,ebd
5004,edh
5005,edn
5006,eew
5007,eje
5008,eum
5009,euv
5010,exy
5011,e36
5012,e.k
5013,e-v
5014,feh
5015,fta
5016,gak
5017,gau
5018,gde
5019,gfi
5020,gga
5021,gsi
5022,gwe
5023,hdi
5024,hyi
5025,hys
5026,h.j
5027,iaz
5028,idr
5029,ieg
5030,ieu
5031,il-
5032,inx
5033,i-h
5034,jol
5035,jos
5036,kec
5037,kib
5038,kly
5039,kob
5040,koe
5041,kpr
5042,laa
5043,lbu
5044,ldc
5045,ldp
5046,llf
5047,lmu
5048,lof
5049,lro
5050,lva
5051,lwi
5052,lwo
5053,l.s
5054,l-m
5055,maj
5056,mej
5057,mho
5058,mni
5059,mre
5060,msc
5061,mta
5062,mx.
5063,myo
5064,m.f
5065,m.l
5066,naw
5067,ndw
5068,nf.
5069,ng1
5070,nj.
5071,nkm
5072,nku
5073,nl.
5074,ntd
5075,nys
5076,nzo
5077,n.x
5078,ofl
5079,ofw
5080,omc
5081,owr
5082,pcg
5083,pg.
5084,puz
5085,rao
5086,rsw
5087,ryc
5088,ryt
5089,rze
5090,r.l
5091,seu
5092,sey
5093,sge
5094,sg.
5095,shc
5096,shg
5097,sh-
5098,siv
5099,skl
5100,skr
5101,slu
5102,smp
5103,sr.
5104,ssn
5105,ssw
5106,tev
5107,thp
5108,tsy
5109,t-d
5110,t-i
5111,uas
5112,ubm
5113,uea
5114,uia
5115,uja
5116,ulf
5117,unj
5118,uny
5119,urm
5120,ur-
5121,utb
5122,uu.
5123,uvi
5124,uys
5125,u.f
5126,vsh
5127,vto
5128,wie
5129,wma
5130,wns
5131,wsa
5132,w.t
5133,xco
5134,xis
5135,xit
5136,x24
5137,yac
5138,yaz
5139,yos
5140,ywh
5141,ywi
5142,yy.
5143,zed
5144,zie
5145,zzl
5146,1ai
5147,114
5148,2.r
5149,3.n
5150,4.d
5151,78.
5152,.al
5153,.ho
5154,-dr
5155,-em
5156,-fu
5157,-hd
5158,-hi
5159,-of
5160,-un
5161,aai
5162,aam
5163,agl
5164,ahn
5165,aiz
5166,amh
5167,amr
5168,atw
5169,avh
5170,azh
5171,a.k
5172,a-o
5173,a-p
5174,bg.
5175,bl.
5176,bno
5177,bog
5178,bto
5179,buf
5180,bum
5181,bys
5182,ccc
5183,cee
5184,cme
5185,cso
5186,dbi
5187,dbu
5188,dcu
5189,dej
5190,dew
5191,dhe
5192,dlo
5193,dly
5194,dl-
5195,dti
5196,dtu
5197,dx.
5198,dyo
5199,d.u
5200,ecs
5201,eee
5202,eev
5203,ejs
5204,elw
5205,emm
5206,es2
5207,etj
5208,etk
5209,exx
5210,ex-
5211,eyc
5212,ft-
5213,gcl
5214,gfo
5215,giv
5216,gmi
5217,gpa
5218,gyo
5219,hex
5220,hpa
5221,htv
5222,hty
5223,hud
5224,h-s
5225,iau
5226,idt
5227,iev
5228,ilc
5229,isg
5230,itg
5231,i24
5232,i.s
5233,jaz
5234,jes
5235,ka-
5236,kex
5237,khe
5238,kif
5239,kka
5240,ksp
5241,kud
5242,lew
5243,lgi
5244,lld
5245,lra
5246,ltd
5247,lyd
5248,lz.
5249,l.p
5250,l-a
5251,l-p
5252,mae
5253,mav
5254,mcd
5255,mgi
5256,mio
5257,mi-
5258,mte
5259,mto
5260,mtv
5261,mt.
5262,mv.
5263,myu
5264,naf
5265,ndn
5266,nri
5267,nro
5268,nr.
5269,nub
5270,nul
5271,n-f
5272,odm
5273,odn
5274,oel
5275,okl
5276,olh
5277,oov
5278,otf
5279,otv
5280,ovt
5281,oym
5282,o-n
5283,o-t
5284,pde
5285,pfo
5286,pga
5287,pig
5288,psd
5289,psn
5290,p.d
5291,rfu
5292,rhi
5293,rj.
5294,rkl
5295,rkm
5296,rnd
5297,rsd
5298,rsk
5299,rsl
5300,rs-
5301,rwi
5302,rym
5303,r-c
5304,sbc
5305,sby
5306,sdl
5307,sfl
5308,shh
5309,soa
5310,soh
5311,sop
5312,src
5313,ssf
5314,ssg
5315,stt
5316,syc
5317,s.k
5318,s-i
5319,tgr
5320,th-
5321,tja
5322,tk.
5323,tpe
5324,tsd
5325,tsn
5326,tts
5327,tyc
5328,t1.
5329,t.w
5330,uag
5331,unm
5332,uod
5333,upc
5334,usg
5335,u.h
5336,vda
5337,vd.
5338,vei
5339,veo
5340,ve-
5341,vib
5342,vim
5343,vog
5344,vot
5345,vox
5346,vtr
5347,wim
5348,wpa
5349,wsw
5350,xe.
5351,xie
5352,xne
5353,yag
5354,yah
5355,ydr
5356,yfr
5357,ygr
5358,yhi
5359,yof
5360,yue
5361,yuk
5362,zia
5363,z.o
5364,16.
5365,17.
5366,4.p
5367,80a
5368,-bu
5369,-p1
5370,-ro
5371,-sy
5372,-80
5373,--8
5374,acq
5375,aie
5376,amf
5377,amz
5378,apn
5379,asg
5380,asv
5381,auf
5382,ayw
5383,a1.
5384,a-e
5385,a-r
5386,bbv
5387,bep
5388,bey
5389,bez
5390,bga
5391,bhu
5392,biq
5393,bly
5394,boe
5395,bpa
5396,bsa
5397,bsh
5398,bub
5399,bva
5400,cau
5401,cav
5402,cfi
5403,cf.
5404,civ
5405,ckw
5406,cna
5407,cow
5408,ctc
5409,ctf
5410,ctm
5411,cui
5412,cun
5413,c.b
5414,c-t
5415,dah
5416,dfl
5417,dfr
5418,dhl
5419,dj.
5420,dla
5421,dsk
5422,dsl
5423,due
5424,dzo
5425,d.x
5426,d-a
5427,ebp
5428,ebt
5429,eeo
5430,eif
5431,ekr
5432,eoi
5433,er3
5434,esg
5435,eux
5436,ewy
5437,exs
5438,e2.
5439,e-u
5440,fba
5441,fiv
5442,fom
5443,f.e
5444,gaw
5445,gbo
5446,gd.
5447,gex
5448,ghu
5449,gik
5450,goy
5451,gpr
5452,gr.
5453,gse
5454,gtr
5455,gwo
5456,gxi
5457,g.h
5458,hdo
5459,hez
5460,hfo
5461,hiy
5462,htn
5463,hug
5464,iaj
5465,idb
5466,ifr
5467,ilu
5468,ilw
5469,imd
5470,inq
5471,ipm
5472,itd
5473,itk
5474,itw
5475,izn
5476,i2.
5477,i.b
5478,i-c
5479,i-l
5480,jd.
5481,jis
5482,jk.
5483,jne
5484,jui
5485,jur
5486,kcl
5487,kdi
5488,kep
5489,ke-
5490,kov
5491,k.h
5492,k.s
5493,lbl
5494,ldb
5495,ldf
5496,ldn
5497,lej
5498,lez
5499,lhi
5500,lja
5501,llr
5502,luo
5503,lup
5504,l.l
5505,mev
5506,me2
5507,mfi
5508,mga
5509,mog
5510,mro
5511,muc
5512,mym
5513,m.j
5514,m-s
5515,naa
5516,niq
5517,nkl
5518,nkr
5519,noh
5520,noz
5521,np.
5522,nru
5523,nsr
5524,ns-
5525,nur
5526,n24
5527,n.v
5528,n-d
5529,n-r
5530,odd
5531,odh
5532,oet
5533,ogn
5534,okk
5535,olc
5536,olg
5537,opg
5538,op1
5539,orh
5540,osb
5541,oue
5542,ouk
5543,owm
5544,ozh
5545,pam
5546,pcl
5547,pfl
5548,pgr
5549,pou
5550,p-m
5551,qat
5552,qi.
5553,rbc
5554,rby
5555,rdb
5556,rdt
5557,rja
5558,rnc
5559,rnf
5560,rng
5561,rn-
5562,rpi
5563,rss
5564,rua
5565,ruy
5566,ryl
5567,ryw
5568,ry-
5569,r.w
5570,sej
5571,sfu
5572,shf
5573,shp
5574,sph
5575,sql
5576,sx.
5577,sza
5578,s-n
5579,s-r
5580,tjs
5581,tsf
5582,ttu
5583,tvo
5584,tw.
5585,txt
5586,tx.
5587,t-h
5588,uds
5589,uem
5590,ufa
5591,ufo
5592,ufr
5593,uie
5594,umt
5595,umu
5596,unr
5597,unw
5598,un-
5599,uor
5600,uqu
5601,usd
5602,utd
5603,utv
5604,uvo
5605,uwe
5606,uxu
5607,uyu
5608,uze
5609,uzu
5610,vaz
5611,vef
5612,vg.
5613,vik
5614,vio
5615,vm.
5616,vne
5617,vra
5618,vre
5619,vy.
5620,v.v
5621,wab
5622,wad
5623,wd.
5624,wne
5625,wsl
5626,ws2
5627,wu.
5628,xba
5629,xcl
5630,xen
5631,xfo
5632,xma
5633,x.s
5634,ybl
5635,yce
5636,ygu
5637,yha
5638,yid
5639,ymi
5640,ym.
5641,yom
5642,ytu
5643,y-m
5644,zol
5645,zou
5646,zum
5647,z.g
5648,z.p
5649,019
5650,111
5651,200
5652,222
5653,48.
5654,800
5655,80.
5656,98.
5657,.cu
5658,.md
5659,.pi
5660,-am
5661,-bl
5662,-gu
5663,-im
5664,-my
5665,-or
5666,abh
5667,aeo
5668,aii
5669,aje
5670,aju
5671,akv
5672,aub
5673,aup
5674,avd
5675,avf
5676,awk
5677,axu
5678,ayr
5679,a-l
5680,a-z
5681,bae
5682,bap
5683,ba-
5684,bch
5685,bef
5686,be-
5687,bij
5688,bm.
5689,bn.
5690,bop
5691,bow
5692,bsp
5693,btr
5694,buk
5695,b.l
5696,cbe
5697,ceg
5698,cig
5699,cps
5700,csd
5701,csh
5702,c-m
5703,dae
5704,dau
5705,dbr
5706,dcr
5707,dg.
5708,doa
5709,doe
5710,dpl
5711,dz.
5712,d-p
5713,d-t
5714,eab
5715,eai
5716,eby
5717,ecd
5718,edy
5719,eik
5720,ej.
5721,emc
5722,emd
5723,emn
5724,eo-
5725,epc
5726,epd
5727,evn
5728,ewd
5729,eyb
5730,eyt
5731,eyu
5732,e-w
5733,fad
5734,faz
5735,fea
5736,fga
5737,fim
5738,ftd
5739,ftp
5740,fuk
5741,fwo
5742,fw.
5743,f.j
5744,gsu
5745,gte
5746,gyp
5747,gz.
5748,g.f
5749,g-t
5750,haj
5751,hdp
5752,hfi
5753,hok
5754,hpr
5755,hsi
5756,htu
5757,hya
5758,h.d
5759,iaf
5760,iah
5761,idw
5762,idy
5763,iez
5764,iin
5765,ikn
5766,ikr
5767,ipd
5768,ixb
5769,ixs
5770,ix2
5771,i.v
5772,i-b
5773,i-f
5774,i-m
5775,jag
5776,jak
5777,je.
5778,jig
5779,jr.
5780,jut
5781,jx.
5782,kaf
5783,kbu
5784,kb.
5785,keb
5786,kfi
5787,kfu
5788,kio
5789,kiy
5790,kru
5791,kub
5792,k.f
5793,k-t
5794,lce
5795,ldu
5796,lfr
5797,lgu
5798,lhd
5799,lhe
5800,lnk
5801,ln.
5802,lsb
5803,ltv
5804,lyf
5805,l-e
5806,mdb
5807,mf.
5808,mkv
5809,msn
5810,mts
5811,mum
5812,mwe
5813,myv
5814,naj
5815,ncf
5816,nct
5817,ndd
5818,nhd
5819,nkw
5820,npe
5821,nph
5822,nss
5823,nup
5824,nv.
5825,n-e
5826,n-i
5827,obn
5828,odf
5829,oea
5830,ofs
5831,ogm
5832,og-
5833,oh.
5834,okb
5835,omg
5836,omn
5837,opf
5838,opn
5839,otn
5840,ouj
5841,ovs
5842,ow-
5843,oxo
5844,o-d
5845,pao
5846,paz
5847,pci
5848,pfa
5849,pmy
5850,pom
5851,pp-
5852,ptt
5853,ptu
5854,ptv
5855,p10
5856,p4.
5857,rdn
5858,rhu
5859,rkf
5860,rk-
5861,rly
5862,rmy
5863,rsb
5864,ruf
5865,sae
5866,scc
5867,sdu
5868,sf.
5869,shw
5870,sja
5871,smy
5872,sot
5873,s2.
5874,s-b
5875,s-f
5876,s-l
5877,tgu
5878,thn
5879,tue
5880,tvt
5881,tv-
5882,tyn
5883,t2.
5884,t-g
5885,ucl
5886,uef
5887,ugg
5888,uj.
5889,uld
5890,uob
5891,uoc
5892,uok
5893,uom
5894,upm
5895,usf
5896,u-t
5897,vai
5898,veh
5899,voa
5900,v.d
5901,wl.
5902,wot
5903,wsc
5904,wsn
5905,w.e
5906,xan
5907,xat
5908,xbu
5909,xur
5910,xz.
5911,x.b
5912,ycr
5913,yee
5914,yif
5915,yka
5916,yki
5917,yob
5918,yok
5919,yoo
5920,yum
5921,yur
5922,yus
5923,y-a
5924,zat
5925,zbu
5926,zel
5927,zig
5928,zj.
5929,zma
5930,zul
5931,0mi
5932,008
5933,133
5934,24h
5935,56.
5936,69.
5937,73.
5938,91.
5939,.lg
5940,.mi
5941,.nu
5942,.om
5943,.uy
5944,-ce
5945,-ci
5946,-ed
5947,-jo
5948,-ki
5949,-pi
5950,aal
5951,acb
5952,aem
5953,aet
5954,ahm
5955,aiy
5956,amd
5957,amv
5958,as-
5959,atg
5960,auk
5961,avv
5962,avy
5963,axa
5964,axe
5965,a3.
5966,a.v
5967,a-g
5968,a-i
5969,bbo
5970,bcb
5971,bcd
5972,bcn
5973,bfi
5974,bgu
5975,bmo
5976,bta
5977,bts
5978,bua
5979,b.f
5980,cae
5981,caj
5982,ccb
5983,ccd
5984,cch
5985,clk
5986,cmb
5987,cni
5988,cnn
5989,cno
5990,cpr
5991,crs
5992,csg
5993,ctk
5994,cwo
5995,dci
5996,dno
5997,doi
5998,doj
5999,dov
6000,dpi
6001,dsb
6002,dud
6003,eex
6004,eip
6005,epn
6006,esj
6007,et3
6008,ezz
6009,e5.
6010,fah
6011,feb
6012,flv
6013,fru
6014,fue
6015,gaa
6016,gce
6017,gew
6018,gez
6019,ggl
6020,ghi
6021,gib
6022,gip
6023,gnu
6024,goh
6025,gth
6026,guj
6027,gzh
6028,hch
6029,hde
6030,hdm
6031,hds
6032,hg.
6033,hh.
6034,hih
6035,hna
6036,hn.
6037,hoj
6038,hoy
6039,hry
6040,htc
6041,huk
6042,h-a
6043,icn
6044,ifs
6045,ikt
6046,imf
6047,iof
6048,iog
6049,iok
6050,ivx
6051,iwo
6052,ixo
6053,ixt
6054,ixu
6055,izb
6056,i-g
6057,jee
6058,jiz
6059,jud
6060,kaa
6061,kfr
6062,ki-
6063,kke
6064,kko
6065,kku
6066,kk.
6067,km.
6068,koh
6069,koi
6070,kwe
6071,kwi
6072,kya
6073,kym
6074,k.k
6075,k.u
6076,la-
6077,lbb
6078,lfo
6079,lln
6080,loz
6081,lsk
6082,lzo
6083,l24
6084,maw
6085,mch
6086,mgo
6087,mgr
6088,mip
6089,moy
6090,msg
6091,msk
6092,myg
6093,nbr
6094,ncs
6095,ndv
6096,ngq
6097,nje
6098,nmu
6099,nnu
6100,noe
6101,nsy
6102,nyb
6103,nze
6104,n.l
6105,n-g
6106,n-w
6107,oah
6108,oai
6109,obp
6110,odc
6111,ogd
6112,oim
6113,oip
6114,omf
6115,omh
6116,opk
6117,oq.
6118,osg
6119,osl
6120,otg
6121,oyd
6122,oyt
6123,o10
6124,o1.
6125,o.w
6126,o-f
6127,o-p
6128,pbe
6129,pbu
6130,pcm
6131,pdi
6132,phu
6133,pki
6134,pmu
6135,pog
6136,pup
6137,pvi
6138,px.
6139,qa.
6140,rdh
6141,rej
6142,rha
6143,rij
6144,rjo
6145,rkp
6146,rnv
6147,rps
6148,rqu
6149,rtw
6150,ruk
6151,rvo
6152,ryf
6153,ryn
6154,r.x
6155,r-a
6156,r-t
6157,scd
6158,sdc
6159,sdr
6160,sew
6161,sju
6162,smm
6163,sog
6164,so-
6165,sut
6166,suz
6167,syl
6168,syo
6169,syr
6170,syu
6171,sze
6172,s12
6173,s.v
6174,s-w
6175,tci
6176,tcs
6177,thd
6178,thg
6179,tht
6180,tuo
6181,tve
6182,tvg
6183,ty-
6184,t-b
6185,t-p
6186,uam
6187,uby
6188,ub-
6189,uep
6190,ugs
6191,uho
6192,ulb
6193,unf
6194,unh
6195,unu
6196,usm
6197,uva
6198,uwi
6199,u.l
6200,vc.
6201,veb
6202,vma
6203,vni
6204,vro
6205,v.z
6206,v-p
6207,wda
6208,we.
6209,wic
6210,wnm
6211,wth
6212,wup
6213,wy.
6214,w.d
6215,xda
6216,xl.
6217,xsp
6218,xs.
6219,xti
6220,xxi
6221,xxt
6222,yau
6223,ya-
6224,yeu
6225,yn.
6226,yol
6227,ysm
6228,yt.
6229,yze
6230,y.u
6231,y-c
6232,y-f
6233,y-p
6234,y-t
6235,zca
6236,zee
6237,zik
6238,zis
6239,zla
6240,zli
6241,zn.
6242,0.o
6243,1st
6244,118
6245,1.r
6246,30.
6247,315
6248,31.
6249,337
6250,38.
6251,3.i
6252,3.o
6253,500
6254,51.
6255,58.
6256,5.i
6257,86.
6258,9.n
6259,.gu
6260,.mn
6261,.mt
6262,.pu
6263,.ug
6264,-br
6265,-cd
6266,-gi
6267,-jp
6268,-ni
6269,-up
6270,-ve
6271,-vo
6272,-wa
6273,aap
6274,acg
6275,acm
6276,adx
6277,aec
6278,akr
6279,aof
6280,aor
6281,aoz
6282,apd
6283,ap-
6284,avc
6285,av-
6286,awt
6287,axs
6288,a.w
6289,a.x
6290,a-b
6291,bbc
6292,bco
6293,bek
6294,bfo
6295,bif
6296,bme
6297,boi
6298,bov
6299,bpl
6300,btb
6301,bvi
6302,caa
6303,cbc
6304,ccm
6305,ccp
6306,cdi
6307,cev
6308,cfr
6309,csu
6310,c-c
6311,di-
6312,dk.
6313,dmm
6314,dpe
6315,duf
6316,dui
6317,duk
6318,dvo
6319,dyi
6320,d-c
6321,d-m
6322,ebf
6323,eb-
6324,eey
6325,eft
6326,ei-
6327,ekb
6328,eow
6329,er2
6330,es1
6331,euc
6332,evs
6333,evu
6334,ewb
6335,exh
6336,eyd
6337,eyp
6338,ey-
6339,e10
6340,e-k
6341,fav
6342,fcu
6343,fd.
6344,ffl
6345,fif
6346,fip
6347,fna
6348,fob
6349,fog
6350,fpo
6351,fsc
6352,fsi
6353,fty
6354,fuj
6355,gbe
6356,geg
6357,goz
6358,go2
6359,go-
6360,gp.
6361,gw.
6362,gym
6363,g.v
6364,g-c
6365,ha-
6366,hcl
6367,hc.
6368,hfr
6369,hgu
6370,hiw
6371,hki
6372,hmy
6373,hrs
6374,hsh
6375,hso
6376,htd
6377,hue
6378,h.v
6379,iak
6380,ibs
6381,icw
6382,idh
6383,idn
6384,id-
6385,iex
6386,ifm
6387,igc
6388,igf
6389,iim
6390,ilv
6391,ioa
6392,ioj
6393,iov
6394,ipf
6395,isy
6396,iul
6397,i.d
6398,i-d
6399,i-r
6400,jat
6401,jio
6402,jpg
6403,jso
6404,jua
6405,kac
6406,kav
6407,kca
6408,kce
6409,kde
6410,kfo
6411,kht
6412,kii
6413,kmi
6414,kmy
6415,koa
6416,kp.
6417,ktv
6418,kuk
6419,kwa
6420,kyl
6421,kyu
6422,k.v
6423,ldm
6424,lmc
6425,lno
6426,loh
6427,lox
6428,lpi
6429,ltp
6430,lt-
6431,lua
6432,lyg
6433,lyi
6434,l1.
6435,l.h
6436,l.x
6437,l-l
6438,l-o
6439,mce
6440,mde
6441,mfr
6442,mha
6443,mhe
6444,mjo
6445,mle
6446,mna
6447,mok
6448,mpp
6449,mr.
6450,msi
6451,msm
6452,mue
6453,mw.
6454,myj
6455,myz
6456,nay
6457,ncc
6458,nhi
6459,niw
6460,nkf
6461,nkt
6462,nk-
6463,nm.
6464,ntn
6465,ntw
6466,ntz
6467,nuk
6468,nw.
6469,nye
6470,nyl
6471,ny-
6472,n-l
6473,oam
6474,oau
6475,oby
6476,ocm
6477,odt
6478,oj.
6479,okn
6480,okp
6481,ok-
6482,olp
6483,onj
6484,ooq
6485,ooy
6486,orz
6487,osf
6488,osj
6489,otm
6490,oua
6491,ou-
6492,owb
6493,owc
6494,owh
6495,oxf
6496,oxx
6497,o36
6498,o7.
6499,o8.
6500,o-a
6501,o-b
6502,o-h
6503,o-r
6504,pcr
6505,pc-
6506,pew
6507,pge
6508,pgu
6509,ppu
6510,pss
6511,puc
6512,pue
6513,p.l
6514,p-c
6515,p-s
6516,qq.
6517,rcn
6518,rct
6519,rdm
6520,ri-
6521,rje
6522,rnk
6523,rnl
6524,rnp
6525,ruz
6526,ru-
6527,r.h
6528,r.v
6529,scs
6530,sez
6531,soy
6532,spb
6533,sq.
6534,suo
6535,syb
6536,syt
6537,s3.
6538,s4u
6539,tcu
6540,tdr
6541,tez
6542,tge
6543,tgi
6544,tih
6545,tje
6546,tmu
6547,trt
6548,tsr
6549,tss
6550,tsw
6551,tuk
6552,tvb
6553,tvm
6554,tyg
6555,tyh
6556,tyr
6557,t20
6558,t.x
6559,t-w
6560,uab
6561,ubr
6562,uex
6563,uib
6564,ulm
6565,ulz
6566,uos
6567,upg
6568,usr
6569,usw
6570,ut2
6571,uum
6572,uw.
6573,uzh
6574,u.v
6575,u-m
6576,vab
6577,vam
6578,vb.
6579,vco
6580,vex
6581,vhd
6582,voe
6583,vok
6584,vtv
6585,vu.
6586,v.l
6587,v.q
6588,wbi
6589,wme
6590,wpo
6591,wro
6592,wsd
6593,wsh
6594,wsi
6595,ws1
6596,wyo
6597,xab
6598,xbo
6599,xdo
6600,xha
6601,xhd
6602,xiv
6603,xli
6604,xmi
6605,xse
6606,xso
6607,xt-
6608,xua
6609,x.a
6610,x.m
6611,x.u
6612,x.x
6613,yci
6614,yfe
6615,yfl
6616,ygi
6617,yhd
6618,yhu
6619,yko
6620,yo-
6621,yvo
6622,y.h
6623,y.k
6624,y.v
6625,y-b
6626,zab
6627,zag
6628,zah
6629,zba
6630,zda
6631,zdi
6632,zec
6633,zem
6634,zep
6635,zlo
6636,zta
6637,zto
6638,zuk
6639,zun
6640,zzi
6641,018
6642,02.
6643,08.
6644,180
6645,188
6646,1.o
6647,24s
6648,28.
6649,2.i
6650,2.o
6651,40.
6652,55.
6653,5.n
6654,7x.
6655,7.r
6656,999
6657,.bo
6658,.gt
6659,.he
6660,.mg
6661,.mu
6662,-ag
6663,-fl
6664,-id
6665,-mp
6666,aac
6667,abm
6668,ab-
6669,afc
6670,afd
6671,afp
6672,agm
6673,akl
6674,aoj
6675,arq
6676,avb
6677,avg
6678,avk
6679,avm
6680,avn
6681,avr
6682,avs
6683,awp
6684,axc
6685,axm
6686,axy
6687,ayj
6688,azt
6689,a-f
6690,bci
6691,bc-
6692,bdi
6693,bds
6694,bge
6695,bih
6696,bje
6697,bk.
6698,bmi
6699,bmw
6700,bof
6701,boh
6702,boz
6703,bpo
6704,bpr
6705,bp.
6706,bsr
6707,bsu
6708,bue
6709,buh
6710,bx.
6711,byl
6712,byp
6713,by-
6714,bz.
6715,b2b
6716,b-i
6717,b-t
6718,cbu
6719,ccs
6720,cct
6721,cda
6722,cde
6723,cfu
6724,cgr
6725,cib
6726,cmc
6727,cmi
6728,cnb
6729,cnp
6730,coz
6731,cpu
6732,ctt
6733,cw.
6734,daa
6735,daj
6736,daz
6737,dby
6738,dfs
6739,dft
6740,dgo
6741,dgr
6742,dhi
6743,dhr
6744,dja
6745,dka
6746,dmu
6747,doh
6748,dsi
6749,dsr
6750,dsw
6751,ds-
6752,dtv
6753,dyb
6754,dyc
6755,d.k
6756,d-f
6757,eah
6758,eaz
6759,ebb
6760,ecm
6761,edv
6762,eej
6763,egn
6764,elr
6765,emr
6766,en2
6767,epf
6768,eqi
6769,esq
6770,eue
6771,evr
6772,ewm
6773,exl
6774,exv
6775,eyh
6776,ezh
6777,ezt
6778,faq
6779,fbs
6780,fex
6781,fe-
6782,ffo
6783,fia
6784,fne
6785,fp.
6786,fss
6787,fst
6788,ftb
6789,fwa
6790,gix
6791,gl.
6792,gmu
6793,gpe
6794,gry
6795,gtu
6796,gup
6797,gvi
6798,gv.
6799,gyb
6800,gye
6801,gyi
6802,g.l
6803,g-p
6804,hae
6805,hag
6806,hbr
6807,hd-
6808,hgo
6809,hha
6810,hko
6811,hmi
6812,hm.
6813,hoa
6814,hog
6815,hpl
6816,hrd
6817,hsp
6818,hsu
6819,hyu
6820,h24
6821,h.f
6822,iav
6823,ibm
6824,iee
6825,ifx
6826,igb
6827,igp
6828,ihi
6829,ih.
6830,ije
6831,ioi
6832,ir-
6833,isv
6834,iur
6835,izc
6836,i-e
6837,jay
6838,jc.
6839,jic
6840,jij
6841,jj.
6842,joe
6843,jpm
6844,jse
6845,jug
6846,jul
6847,kae
6848,kah
6849,kda
6850,kef
6851,keu
6852,kfa
6853,kki
6854,kl.
6855,kod
6856,kog
6857,ksb
6858,ksc
6859,ksk
6860,kui
6861,kuw
6862,kva
6863,kwo
6864,kye
6865,kyt
6866,k24
6867,k.l
6868,k-s
6869,laj
6870,lbr
6871,ldt
6872,ld-
6873,le1
6874,lfc
6875,lfe
6876,liy
6877,llg
6878,lm-
6879,lni
6880,lri
6881,lru
6882,lsm
6883,lui
6884,l5.
6885,l-d
6886,l-f
6887,l-i
6888,mcr
6889,mif
6890,miy
6891,mj.
6892,mki
6893,mno
6894,mox
6895,mo-
6896,mrp
6897,mup
6898,mwo
6899,myk
6900,mza
6901,m-t
6902,nae
6903,ne2
6904,ngv
6905,ng3
6906,nij
6907,niy
6908,nkh
6909,nkp
6910,nsm
6911,nui
6912,nyd
6913,n36
6914,n8.
6915,n.w
6916,n-b
6917,obc
6918,od-
6919,ofg
6920,ofp
6921,ogt
6922,ohr
6923,oju
6924,oln
6925,olw
6926,ol-
6927,oml
6928,onz
6929,oox
6930,osv
6931,ouf
6932,owu
6933,oxa
6934,oxb
6935,oxe
6936,oxs
6937,oyi
6938,oyn
6939,ozl
6940,ozn
6941,o2.
6942,o-i
6943,pah
6944,paj
6945,paw
6946,pcs
6947,pf.
6948,pmc
6949,pmo
6950,pna
6951,pov
6952,prn
6953,pwa
6954,pwi
6955,pwo
6956,pw.
6957,pyp
6958,pys
6959,p1.
6960,p-t
6961,qiy
6962,qur
6963,q.o
6964,rdg
6965,rdl
6966,rd-
6967,req
6968,riq
6969,rkr
6970,rku
6971,rmf
6972,rnu
6973,rpu
6974,rrb
6975,rsy
6976,rtk
6977,rur
6978,rw.
6979,ryi
6980,ryu
6981,r1.
6982,r-b
6983,r-g
6984,sa-
6985,sbb
6986,sgl
6987,shn
6988,shy
6989,siu
6990,sks
6991,skt
6992,slr
6993,smt
6994,snu
6995,sny
6996,soz
6997,srt
6998,sue
6999,svo
7000,szo
7001,sz.
7002,s10
7003,s-e
7004,tbc
7005,tbl
7006,tbt
7007,tds
7008,tej
7009,tey
7010,tii
7011,tiu
7012,tlb
7013,tmc
7014,tmd
7015,toj
7016,tpb
7017,tsk
7018,tvc
7019,tvp
7020,tzo
7021,t.k
7022,t-j
7023,uaj
7024,uaw
7025,ubh
7026,ucu
7027,udw
7028,uej
7029,ufs
7030,ufu
7031,uhu
7032,uik
7033,upb
7034,u-b
7035,vav
7036,vca
7037,ve2
7038,vka
7039,vk.
7040,vla
7041,vmo
7042,vsp
7043,v2.
7044,v-t
7045,wa-
7046,wco
7047,wc.
7048,wec
7049,wk.
7050,wps
7051,wra
7052,xac
7053,xas
7054,xbe
7055,xde
7056,xes
7057,xfa
7058,xil
7059,xp.
7060,xta
7061,xxv
7062,x-t
7063,yai
7064,yeg
7065,yfu
7066,yib
7067,yis
7068,yk.
7069,ymb
7070,yns
7071,yop
7072,ysk
7073,ytm
7074,yts
7075,ytv
7076,yui
7077,yup
7078,yve
7079,y24
7080,y-h
7081,y-v
7082,zac
7083,zbo
7084,zex
7085,zoh
7086,zop
7087,zuo
7088,zzo
7089,z.b
7090,007
7091,010
7092,020
7093,024
7094,0.i
7095,1xb
7096,102
7097,110
7098,151
7099,177
7100,192
7101,1.i
7102,1.t
7103,2co
7104,2re
7105,202
7106,21c
7107,25.
7108,26.
7109,27.
7110,3do
7111,37x
7112,4al
7113,4ho
7114,4yo
7115,400
7116,45.
7117,520
7118,5.r
7119,63.
7120,6.n
7121,720
7122,777
7123,8.t
7124,.ci
7125,.hn
7126,.jo
7127,.so
7128,.sy
7129,.zo
7130,-af
7131,-at
7132,-ea
7133,-es
7134,-fe
7135,-gl
7136,-ke
7137,-ri
7138,-ru
7139,-us
7140,-ya
7141,aaa
7142,aae
7143,aaf
7144,aak
7145,acd
7146,acx
7147,aek
7148,afm
7149,afu
7150,agc
7151,agp
7152,aio
7153,akc
7154,akp
7155,aky
7156,ao1
7157,ao-
7158,apb
7159,aqa
7160,asf
7161,asj
7162,awl
7163,axx
7164,ax-
7165,azn
7166,a10
7167,a2z
7168,a-k
7169,a-u
7170,bdo
7171,beo
7172,bfa
7173,bj.
7174,bmd
7175,bnc
7176,bth
7177,bup
7178,byn
7179,b-o
7180,b-s
7181,cbi
7182,cbr
7183,cex
7184,cgi
7185,cgo
7186,chh
7187,ci-
7188,ckn
7189,ckv
7190,ck1
7191,ck2
7192,cnr
7193,cns
7194,cnt
7195,coh
7196,cox
7197,cpe
7198,cpm
7199,csf
7200,csw
7201,ctl
7202,ctn
7203,cuc
7204,cuo
7205,cwa
7206,cx.
7207,cy-
7208,c.d
7209,c.x
7210,c-g
7211,c-s
7212,dax
7213,dcc
7214,dce
7215,dfu
7216,df2
7217,dgi
7218,dgu
7219,dki
7220,dls
7221,dms
7222,dm1
7223,dnb
7224,dps
7225,dsd
7226,dsg
7227,dss
7228,dua
7229,duj
7230,dv.
7231,dya
7232,dyg
7233,dyl
7234,dyt
7235,dza
7236,dzi
7237,d10
7238,d1.
7239,d2.
7240,d.h
7241,d.w
7242,d-b
7243,d-g
7244,d-h
7245,d-o
7246,d-w
7247,ebg
7248,ecp
7249,edf
7250,edj
7251,egh
7252,egm
7253,eiy
7254,ekd
7255,ek-
7256,elz
7257,enq
7258,eov
7259,epb
7260,er1
7261,esv
7262,etx
7263,ew-
7264,exd
7265,eyi
7266,eyr
7267,ezd
7268,ezn
7269,ezu
7270,ezy
7271,e16
7272,e20
7273,e4.
7274,e8.
7275,e-j
7276,faf
7277,fbo
7278,fca
7279,fcb
7280,fch
7281,fda
7282,fef
7283,few
7284,ffr
7285,ffs
7286,fib
7287,fio
7288,fme
7289,fpa
7290,fpr
7291,ftf
7292,fti
7293,fub
7294,fuz
7295,f.b
7296,f.p
7297,gbl
7298,gdu
7299,gek
7300,gfl
7301,gf.
7302,ggs
7303,ggu
7304,ghc
7305,ghl
7306,ghp
7307,gka
7308,gly
7309,gmx
7310,gn-
7311,gpl
7312,gqi
7313,gsc
7314,gsk
7315,gut
7316,gwi
7317,gx.
7318,gyu
7319,gzi
7320,g36
7321,haz
7322,hbl
7323,hbu
7324,hb.
7325,hdb
7326,hdt
7327,hge
7328,hii
7329,hiq
7330,hjo
7331,hmc
7332,hns
7333,hrt
7334,hsa
7335,hs-
7336,htw
7337,huc
7338,huj
7339,hup
7340,huw
7341,h12
7342,h.b
7343,h-m
7344,h-p
7345,iax
7346,ia2
7347,ibc
7348,ibg
7349,ibt
7350,idf
7351,iip
7352,iis
7353,imn
7354,imt
7355,in3
7356,ipg
7357,iry
7358,iwu
7359,ixc
7360,ixh
7361,ixm
7362,ixn
7363,ixx
7364,iy.
7365,i.h
7366,i-a
7367,i-k
7368,i-n
7369,i-o
7370,jaw
7371,jea
7372,jef
7373,jel
7374,jew
7375,jfi
7376,jid
7377,jih
7378,jiu
7379,jma
7380,jm.
7381,jom
7382,jpe
7383,jsp
7384,jy.
7385,j.j
7386,j.n
7387,kbe
7388,kbi
7389,kd.
7390,keh
7391,kgo
7392,kg.
7393,khd
7394,kh.
7395,kij
7396,kiv
7397,kiz
7398,kmu
7399,kna
7400,kn.
7401,kpe
7402,ksd
7403,ksw
7404,kuj
7405,kuy
7406,kw.
7407,lcr
7408,ldl
7409,leq
7410,le2
7411,lfs
7412,lf-
7413,lhu
7414,li-
7415,lkh
7416,lmp
7417,lm2
7418,lnu
7419,loe
7420,loj
7421,lps
7422,lsd
7423,lsf
7424,lsg
7425,lsl
7426,lsn
7427,lss
7428,ltc
7429,lvo
7430,lv.
7431,lyu
7432,l.k
7433,l.v
7434,ma4
7435,mbn
7436,mci
7437,mcp
7438,mcs
7439,mdc
7440,mey
7441,me4
7442,mgb
7443,mgm
7444,mgs
7445,mgt
7446,mh.
7447,mka
7448,mk.
7449,mlo
7450,mms
7451,mow
7452,mp-
7453,mru
7454,msr
7455,mss
7456,mub
7457,muy
7458,m4u
7459,na3
7460,nhs
7461,no1
7462,nps
7463,npu
7464,nrs
7465,nsn
7466,nt2
7467,nxu
7468,n.h
7469,n.k
7470,n-h
7471,n-o
7472,oaf
7473,obh
7474,obm
7475,obv
7476,ocd
7477,odj
7478,oep
7479,ofh
7480,ogf
7481,ohd
7482,oi-
7483,okh
7484,omd
7485,omr
7486,ooh
7487,opj
7488,oqi
7489,otw
7490,otz
7491,ovh
7492,ovn
7493,oxd
7494,oxp
7495,ox-
7496,oyc
7497,ozu
7498,o-k
7499,o-l
7500,paa
7501,pcb
7502,pcc
7503,pcd
7504,pdb
7505,pem
7506,pez
7507,pgo
7508,phr
7509,pja
7510,pka
7511,pls
7512,pmg
7513,pms
7514,pno
7515,pnu
7516,poz
7517,pth
7518,ptw
7519,pum
7520,pyo
7521,p2p
7522,p3s
7523,p30
7524,p3-
7525,p.u
7526,p-p
7527,p-r
7528,qug
7529,rax
7530,rdd
7531,rdz
7532,rfs
7533,rgh
7534,rgl
7535,rg-
7536,rii
7537,rkb
7538,rkh
7539,rnj
7540,rpc
7541,rpt
7542,rsf
7543,rtz
7544,rt1
7545,rt2
7546,rvc
7547,rvt
7548,r36
7549,r3.
7550,r7.
7551,r-d
7552,r-f
7553,r-l
7554,r-o
7555,r-r
7556,scp
7557,sdn
7558,shq
7559,sj.
7560,sk-
7561,smc
7562,snc
7563,spc
7564,spk
7565,sps
7566,srs
7567,ss2
7568,st2
7569,sxx
7570,syd
7571,sy-
7572,szh
7573,s36
7574,s4s
7575,s8.
7576,tae
7577,tcc
7578,tcd
7579,tcn
7580,tdu
7581,te2
7582,tiw
7583,ti-
7584,tko
7585,tox
7586,tph
7587,tqu
7588,tsg
7589,ttv
7590,tuh
7591,tu-
7592,tv2
7593,tyd
7594,tyw
7595,uay
7596,ucd
7597,ucn
7598,ucs
7599,udf
7600,udh
7601,udr
7602,uei
7603,ugl
7604,uhe
7605,uif
7606,ulk
7607,ulp
7608,umc
7609,umh
7610,unz
7611,uow
7612,upw
7613,up-
7614,uq.
7615,us1
7616,utz
7617,uxa
7618,uxe
7619,uzt
7620,u.u
7621,u-c
7622,u-d
7623,u-p
7624,vbu
7625,vf.
7626,vgo
7627,vgu
7628,vha
7629,vix
7630,vob
7631,vou
7632,vpo
7633,vri
7634,vst
7635,vti
7636,vul
7637,vx.
7638,waa
7639,wba
7640,wbo
7641,wig
7642,wip
7643,wna
7644,wnc
7645,wpe
7646,wpl
7647,wr.
7648,wt.
7649,wun
7650,wyn
7651,w.j
7652,w.m
7653,xc.
7654,xfi
7655,xid
7656,xif
7657,xio
7658,xme
7659,xof
7660,xre
7661,xsh
7662,xtb
7663,xtm
7664,xu.
7665,xw.
7666,x7.
7667,x8.
7668,x.d
7669,yd.
7670,yge
7671,yih
7672,yiq
7673,yju
7674,ylu
7675,yod
7676,yoy
7677,ypu
7678,ysl
7679,yzi
7680,yzo
7681,y-k
7682,zav
7683,zb.
7684,zcl
7685,zdr
7686,zfa
7687,zib
7688,zic
7689,zlu
7690,zpr
7691,zsc
7692,zs.
7693,z.l
7694,z.s
7695,z-b
7696,0do
7697,00p
7698,048
7699,05.
7700,080
7701,0.j
7702,1ga
7703,1tv
7704,18t
7705,1.f
7706,1.j
7707,1.s
7708,2go
7709,2ho
7710,204
7711,29.
7712,2.g
7713,2.t
7714,2.x
7715,33.
7716,34.
7717,35.
7718,36.
7719,37.
7720,4h.
7721,4li
7722,4up
7723,4.s
7724,518
7725,555
7726,678
7727,7.i
7728,7.n
7729,87.
7730,92.
7731,.di
7732,.gh
7733,.kh
7734,.ml
7735,.mm
7736,.ms
7737,.py
7738,.sn
7739,.sv
7740,.te
7741,-ai
7742,-dl
7743,-du
7744,-el
7745,-er
7746,-et
7747,-m.
7748,-s.
7749,-u.
7750,-va
7751,-z.
7752,-36
7753,aag
7754,aaw
7755,aaz
7756,abd
7757,abk
7758,abp
7759,adk
7760,ahk
7761,aiu
7762,akd
7763,alq
7764,amj
7765,am4
7766,an1
7767,aoe
7768,aog
7769,ao8
7770,atd
7771,at2
7772,aux
7773,avp
7774,awn
7775,awy
7776,aw-
7777,ay2
7778,azp
7779,a-h
7780,a-j
7781,a-w
7782,bbr
7783,bcl
7784,bdu
7785,bev
7786,bex
7787,bf.
7788,bgm
7789,bgp
7790,bhe
7791,bhi
7792,bip
7793,biy
7794,bke
7795,bko
7796,bni
7797,bnp
7798,bns
7799,bo-
7800,brr
7801,bsb
7802,bsn
7803,btd
7804,btv
7805,bv.
7806,bw.
7807,byc
7808,b01
7809,b1.
7810,b24
7811,b.h
7812,b.k
7813,caw
7814,cb0
7815,cdb
7816,cdr
7817,cek
7818,cgp
7819,chv
7820,ckg
7821,ckj
7822,cmd
7823,cmp
7824,cmu
7825,cnc
7826,crc
7827,crp
7828,csm
7829,ctb
7830,ctg
7831,ctp
7832,ct1
7833,ct2
7834,cvv
7835,cze
7836,c2.
7837,c.l
7838,c.v
7839,c-e
7840,c-i
7841,daq
7842,dcd
7843,dds
7844,ddt
7845,dez
7846,df1
7847,dhd
7848,dij
7849,dmc
7850,dmd
7851,dmp
7852,dnr
7853,doz
7854,dpd
7855,dpu
7856,drc
7857,drp
7858,drr
7859,dsy
7860,duw
7861,dwh
7862,dym
7863,dyr
7864,d4u
7865,d-d
7866,d-n
7867,ecf
7868,ecy
7869,ec-
7870,eei
7871,eeu
7872,efc
7873,efs
7874,egd
7875,eih
7876,eix
7877,ekp
7878,eku
7879,emg
7880,emt
7881,esz
7882,et2
7883,eub
7884,eug
7885,ewf
7886,exf
7887,exg
7888,eyg
7889,eyk
7890,eyn
7891,ez-
7892,e21
7893,e3d
7894,e3.
7895,faj
7896,fci
7897,fcl
7898,ffc
7899,fi-
7900,fls
7901,fmt
7902,fnb
7903,fn.
7904,fod
7905,fop
7906,fow
7907,fo-
7908,fsa
7909,fx-
7910,fya
7911,fy-
7912,fz.
7913,f.d
7914,f.t
7915,f-m
7916,gav
7917,gbi
7918,gbr
7919,gdr
7920,gev
7921,gey
7922,gfx
7923,ggr
7924,ghr
7925,gja
7926,gjj
7927,gk.
7928,goq
7929,gow
7930,go4
7931,gpi
7932,gps
7933,gqu
7934,gq.
7935,guc
7936,gud
7937,g12
7938,g24
7939,g.w
7940,g.z
7941,g-g
7942,g-i
7943,g-m
7944,g-r
7945,haq
7946,hbe
7947,hce
7948,hdh
7949,hdl
7950,hd1
7951,hfu
7952,hix
7953,hju
7954,hke
7955,hls
7956,hly
7957,hmu
7958,hnu
7959,hoh
7960,hov
7961,hru
7962,hsm
7963,hsr
7964,htp
7965,htt
7966,hva
7967,hwr
7968,hyf
7969,hyt
7970,h.m
7971,h.s
7972,h-f
7973,h-h
7974,iaa
7975,icj
7976,iea
7977,ieo
7978,igd
7979,iii
7980,ikh
7981,ikl
7982,ikm
7983,ilh
7984,ilr
7985,imk
7986,imr
7987,imy
7988,im-
7989,ioe
7990,ipb
7991,irn
7992,iuc
7993,iun
7994,iup
7995,ivs
7996,ix-
7997,izk
7998,i5.
7999,i8.
8000,i.w
8001,i-j
8002,i-p
8003,i-w
8004,jae
8005,jau
8006,jds
8007,jem
8008,jf.
8009,jib
8010,jif
8011,jil
8012,jir
8013,jiy
8014,jmp
8015,jot
8016,jpn
8017,jpo
8018,jpr
8019,jqu
8020,jtb
8021,jub
8022,jys
8023,kbb
8024,kej
8025,kfe
8026,kgr
8027,kig
8028,kih
8029,klu
8030,koj
8031,kph
8032,krs
8033,kry
8034,ksf
8035,ksm
8036,ksy
8037,ks-
8038,kth
8039,kuc
8040,ku-
8041,k.w
8042,k-k
8043,k-n
8044,lae
8045,le3
8046,lij
8047,ljo
8048,lkt
8049,ll2
8050,lmb
8051,loq
8052,lpg
8053,lpu
8054,ls-
8055,ltg
8056,lyv
8057,lze
8058,l7.
8059,l.w
8060,l-b
8061,l-n
8062,mau
8063,mcg
8064,mdf
8065,mdi
8066,me1
8067,mfu
8068,mgu
8069,mhr
8070,mhu
8071,mpc
8072,mrs
8073,mrt
8074,msd
8075,msf
8076,mtc
8077,mua
8078,mud
8079,muh
8080,mzo
8081,m24
8082,m2.
8083,m.w
8084,m-a
8085,m-c
8086,m-d
8087,nax
8088,na2
8089,nby
8090,ncn
8091,nhr
8092,nih
8093,nlu
8094,nms
8095,npc
8096,npp
8097,nsx
8098,nt9
8099,nuc
8100,nvp
8101,n00
8102,n7.
8103,n-j
8104,oab
8105,obg
8106,obz
8107,ocn
8108,oc-
8109,odp
8110,oec
8111,oei
8112,oe-
8113,ofb
8114,ogc
8115,ogp
8116,ohm
8117,oik
8118,okf
8119,olr
8120,on2
8121,oo-
8122,opw
8123,op2
8124,oqo
8125,orv
8126,orx
8127,os2
8128,otk
8129,ouh
8130,ouo
8131,ovk
8132,owy
8133,oxc
8134,oxh
8135,oxn
8136,oxu
8137,oyl
8138,o12
8139,o20
8140,o-g
8141,o-y
8142,pbr
8143,pcn
8144,pcw
8145,pef
8146,pfr
8147,phl
8148,pkp
8149,plc
8150,pmi
8151,poa
8152,ppd
8153,ppf
8154,psm
8155,ps-
8156,pud
8157,pwn
8158,pym
8159,pyw
8160,py-
8161,p2.
8162,p.h
8163,p-a
8164,p-b
8165,p-d
8166,p-l
8167,p-o
8168,qld
8169,qna
8170,qs.
8171,q.m
8172,re2
8173,rhy
8174,rkd
8175,rlu
8176,rmt
8177,rnr
8178,rnw
8179,rn4
8180,rru
8181,rsg
8182,rsv
8183,rtd
8184,ruw
8185,ryh
8186,ryk
8187,ryr
8188,ryv
8189,rza
8190,rzd
8191,rzi
8192,rzo
8193,r30
8194,r-h
8195,r-i
8196,r-m
8197,r-n
8198,r-u
8199,sbd
8200,skm
8201,slp
8202,sls
8203,smb
8204,smd
8205,smh
8206,sns
8207,soe
8208,sp-
8209,srb
8210,ssj
8211,ssv
8212,suh
8213,sxs
8214,sye
8215,syg
8216,s18
8217,s20
8218,s5.
8219,s-j
8220,s-k
8221,s-u
8222,ta2
8223,tdc
8224,tf.
8225,tgl
8226,thf
8227,thj
8228,th2
8229,tiy
8230,tlu
8231,tmp
8232,toz
8233,to1
8234,tpc
8235,trl
8236,trp
8237,ts1
8238,ttb
8239,ttp
8240,tt-
8241,tug
8242,tv3
8243,tyk
8244,tyy
8245,t00
8246,t3.
8247,t9.
8248,t-r
8249,uak
8250,ubd
8251,ubn
8252,ubp
8253,ucr
8254,udb
8255,udn
8256,udu
8257,ueh
8258,ueo
8259,ufc
8260,ufl
8261,ufp
8262,uft
8263,uf.
8264,ugm
8265,uhr
8266,uh.
8267,uig
8268,uii
8269,uim
8270,uio
8271,uix
8272,um-
8273,uoy
8274,upf
8275,upu
8276,usn
8277,usv
8278,utm
8279,uwo
8280,uxt
8281,u.k
8282,vaa
8283,vah
8284,vay
8285,vcd
8286,vcr
8287,vek
8288,vev
8289,vfo
8290,vfs
8291,vii
8292,vij
8293,vku
8294,vl.
8295,vme
8296,vop
8297,voz
8298,vpl
8299,vp.
8300,vsa
8301,vsu
8302,vtb
8303,vte
8304,vui
8305,vus
8306,vv.
8307,v3.
8308,v-a
8309,v-l
8310,v-s
8311,wac
8312,wbm
8313,wb.
8314,wcu
8315,wdo
8316,wem
8317,wep
8318,wm.
8319,wpb
8320,wpr
8321,wp-
8322,wsm
8323,wtf
8324,wti
8325,wtv
8326,wus
8327,wvi
8328,w.r
8329,w.s
8330,w-s
8331,xbi
8332,xed
8333,xem
8334,xfr
8335,xhe
8336,xho
8337,xig
8338,xm.
8339,xno
8340,xsi
8341,xth
8342,xxl
8343,xxn
8344,xxs
8345,x10
8346,x1.
8347,x2.
8348,x.h
8349,x.l
8350,x-f
8351,x-s
8352,yaa
8353,ycu
8354,yc.
8355,yds
8356,yeb
8357,yek
8358,yic
8359,yiy
8360,yja
8361,yl.
8362,ymu
8363,yni
8364,ypn
8365,yr.
8366,yss
8367,ytt
8368,yuc
8369,yut
8370,y.l
8371,y.w
8372,y.x
8373,y-d
8374,y-g
8375,zao
8376,zaw
8377,zch
8378,zco
8379,zdo
8380,zeb
8381,zii
8382,zir
8383,zko
8384,zl.
8385,zoc
8386,zod
8387,zom
8388,zpa
8389,zre
8390,zui
8391,zvi
8392,zyb
8393,zyn
8394,z.a
8395,z.m
8396,z.x
8397,0aa
8398,012
8399,03.
8400,075
8401,07.
8402,0.f
8403,1cn
8404,1ne
8405,108
8406,12c
8407,138
8408,158
8409,163
8410,1.b
8411,1.p
8412,1.u
8413,2b.
8414,2gi
8415,2k.
8416,2z.
8417,2.b
8418,2.w
8419,3ds
8420,321
8421,4ga
8422,4po
8423,41.
8424,42.
8425,4.t
8426,51a
8427,51y
8428,515
8429,52.
8430,53.
8431,61.
8432,778
8433,81.
8434,89.
8435,90.
8436,97.
8437,.af
8438,.cd
8439,.fa
8440,.gl
8441,.gv
8442,.ki
8443,.mv
8444,.np
8445,.ql
8446,.sq
8447,-a.
8448,-c.
8449,-dh
8450,-ec
8451,-eg
8452,-eu
8453,-ip
8454,-ju
8455,-lu
8456,-nu
8457,-pu
8458,-sk
8459,-ss
8460,-x.
8461,---
8462,aah
8463,abz
8464,acn
8465,aeb
8466,aee
8467,aeg
8468,afs
8469,afz
8470,agb
8471,agd
8472,agy
8473,ahc
8474,ahz
8475,ah-
8476,ai1
8477,ajh
8478,ajm
8479,ajn
8480,ajs
8481,akm
8482,amk
8483,am2
8484,an8
8485,aoi
8486,aoq
8487,aov
8488,aow
8489,ao2
8490,apg
8491,aqf
8492,arx
8493,ar2
8494,asz
8495,as2
8496,at1
8497,aue
8498,awh
8499,awr
8500,awu
8501,aww
8502,axo
8503,axp
8504,ayk
8505,azf
8506,azm
8507,azs
8508,a12
8509,a36
8510,baa
8511,bbb
8512,bcc
8513,bce
8514,bcg
8515,bcp
8516,bda
8517,bdc
8518,bd-
8519,be2
8520,bfl
8521,bgr
8522,bgt
8523,bhd
8524,bix
8525,bnu
8526,bpi
8527,bpm
8528,bq.
8529,bry
8530,bsd
8531,bs-
8532,btk
8533,btt
8534,bya
8535,byb
8536,byd
8537,bye
8538,byg
8539,byj
8540,byr
8541,bzi
8542,b.u
8543,b-a
8544,cay
8545,ca2
8546,cbb
8547,cbd
8548,cbn
8549,ccn
8550,ccr
8551,cds
8552,cej
8553,cew
8554,cez
8555,ce1
8556,cfe
8557,cfo
8558,cgs
8559,chj
8560,ch3
8561,ciu
8562,ciz
8563,cjo
8564,cj.
8565,clc
8566,cly
8567,cnd
8568,cnf
8569,cnj
8570,cnk
8571,cnw
8572,cnz
8573,co-
8574,cpc
8575,crn
8576,crt
8577,csb
8578,csn
8579,csr
8580,cth
8581,ctw
8582,cud
8583,cuz
8584,cvi
8585,cvt
8586,cwi
8587,cyp
8588,cyr
8589,czy
8590,c1.
8591,c21
8592,c.s
8593,c.w
8594,c-a
8595,c-d
8596,c-r
8597,c-u
8598,dbs
8599,dcn
8600,dfe
8601,dfp
8602,df3
8603,dii
8604,dji
8605,dju
8606,dke
8607,dkn
8608,dnd
8609,dnt
8610,doy
8611,dqu
8612,dq.
8613,drf
8614,dsj
8615,dsn
8616,dug
8617,duv
8618,dxy
8619,dye
8620,dyp
8621,dy2
8622,dzu
8623,d24
8624,d36
8625,d-e
8626,ebj
8627,ebx
8628,ecb
8629,ecg
8630,ecz
8631,edk
8632,ed2
8633,efy
8634,egf
8635,eg-
8636,ehn
8637,ehq
8638,ehs
8639,eiq
8640,ei2
8641,ekk
8642,eky
8643,el2
8644,el3
8645,em-
8646,enx
8647,eoe
8648,eoh
8649,epv
8650,erq
8651,es4
8652,eul
8653,evz
8654,ewz
8655,exb
8656,ex4
8657,eyf
8658,eyl
8659,ezb
8660,ezc
8661,ezf
8662,ezp
8663,e12
8664,e88
8665,e-q
8666,e-z
8667,faa
8668,fay
8669,fa-
8670,fb.
8671,fcc
8672,fcs
8673,fde
8674,fep
8675,fev
8676,fgo
8677,fg.
8678,fho
8679,fhs
8680,fka
8681,fk.
8682,fmi
8683,fmp
8684,fr-
8685,fse
8686,fsu
8687,ftg
8688,ftm
8689,fum
8690,fup
8691,fuq
8692,fu-
8693,fxc
8694,f.a
8695,f.m
8696,gaj
8697,gb.
8698,gcc
8699,gci
8700,gcs
8701,gcu
8702,gdy
8703,geh
8704,gfm
8705,ggy
8706,ghd
8707,ghn
8708,ghs
8709,giu
8710,gki
8711,glg
8712,glu
8713,gmg
8714,gnm
8715,goj
8716,gph
8717,gsb
8718,gsf
8719,gsl
8720,gva
8721,g1.
8722,g.k
8723,g-b
8724,g-f
8725,g-n
8726,hax
8727,hbi
8728,hcm
8729,hcr
8730,hdd
8731,hdv
8732,heq
8733,hfa
8734,hhd
8735,hhu
8736,hkt
8737,hng
8738,hph
8739,hpi
8740,hrm
8741,htf
8742,huy
8743,hu-
8744,hwo
8745,hw.
8746,hyc
8747,hyd
8748,hyr
8749,hza
8750,h.h
8751,h.p
8752,h.u
8753,h-c
8754,h-g
8755,h-o
8756,h-t
8757,iay
8758,ibf
8759,ibp
8760,icg
8761,icv
8762,ic2
8763,idm
8764,iek
8765,ie2
8766,igt
8767,igy
8768,ihg
8769,iia
8770,iie
8771,iif
8772,iiz
8773,ijn
8774,ij.
8775,ikp
8776,ik-
8777,iln
8778,il1
8779,il2
8780,imc
8781,imh
8782,in1
8783,in2
8784,in7
8785,ioo
8786,iow
8787,io1
8788,ipk
8789,ipw
8790,ipz
8791,iql
8792,irv
8793,isj
8794,isw
8795,itj
8796,ivy
8797,iw.
8798,ixf
8799,ixl
8800,ixp
8801,ixr
8802,izf
8803,izr
8804,izy
8805,i10
8806,i-i
8807,i-v
8808,jaa
8809,jai
8810,jaj
8811,ja-
8812,jhi
8813,jho
8814,jik
8815,jip
8816,jli
8817,jlo
8818,jnu
8819,jn.
8820,joa
8821,joc
8822,jsm
8823,jst
8824,jtu
8825,jt.
8826,juk
8827,juv
8828,juw
8829,jw.
8830,j.a
8831,j.i
8832,j.s
8833,j-c
8834,kaj
8835,kbc
8836,kbn
8837,kc.
8838,keo
8839,kez
8840,kfc
8841,kfl
8842,kge
8843,khu
8844,kkb
8845,knu
8846,kpm
8847,kty
8848,kt-
8849,kug
8850,kuh
8851,kv.
8852,kwh
8853,kyb
8854,kyh
8855,kyp
8856,kz.
8857,k1.
8858,k21
8859,k2.
8860,k-a
8861,k-d
8862,k-m
8863,k-p
8864,la2
8865,lck
8866,lcs
8867,ldh
8868,ldj
8869,lfd
8870,lfl
8871,lft
8872,lfu
8873,lgs
8874,lih
8875,liw
8876,li2
8877,lkc
8878,lkf
8879,lkn
8880,lkp
8881,lkr
8882,lk2
8883,llk
8884,lml
8885,lmz
8886,lo-
8887,lpc
8888,lry
8889,lsy
8890,ltb
8891,ltf
8892,ltm
8893,ltw
8894,luf
8895,lyk
8896,lza
8897,l-g
8898,l-r
8899,maq
8900,mbs
8901,mcb
8902,mcc
8903,mcm
8904,mgc
8905,mge
8906,mgf
8907,mgl
8908,mhd
8909,mi2
8910,mlb
8911,mmf
8912,mnn
8913,mpg
8914,mph
8915,mrc
8916,mrv
8917,msl
8918,ms2
8919,ms3
8920,ms4
8921,ms-
8922,mtu
8923,muf
8924,mug
8925,muj
8926,muk
8927,muu
8928,mux
8929,m10
8930,m4.
8931,m-b
8932,m-l
8933,ncb
8934,ncp
8935,ncv
8936,ndk
8937,nfm
8938,ng2
8939,ng5
8940,nht
8941,njp
8942,njs
8943,nkn
8944,nmn
8945,nmp
8946,nmy
8947,nnt
8948,nnw
8949,nq.
8950,nrt
8951,nsv
8952,ntj
8953,nuo
8954,nwp
8955,nyh
8956,nyx
8957,n1.
8958,n88
8959,n-u
8960,obd
8961,obf
8962,obj
8963,ob-
8964,ocb
8965,odw
8966,odz
8967,oeb
8968,oeg
8969,oek
8970,ofd
8971,ogh
8972,ohb
8973,ohl
8974,oix
8975,ojk
8976,okv
8977,omj
8978,omv
8979,oou
8980,opz
8981,osr
8982,osz
8983,ouq
8984,ovr
8985,owj
8986,oxt
8987,ox5
8988,oyf
8989,oyr
8990,ozd
8991,ozm
8992,ozt
8993,ozy
8994,o11
8995,o21
8996,o3.
8997,o88
8998,o-o
8999,pax
9000,pbi
9001,pbl
9002,pce
9003,pcp
9004,pdo
9005,peb
9006,pek
9007,peu
9008,pey
9009,pfu
9010,pgm
9011,pht
9012,piv
9013,pi-
9014,pjo
9015,pke
9016,pkg
9017,pko
9018,pku
9019,pk-
9020,pln
9021,pof
9022,ppg
9023,ppn
9024,ppp
9025,prc
9026,prs
9027,prz
9028,psg
9029,psk
9030,ptp
9031,pug
9032,pv.
9033,pwc
9034,pya
9035,pyh
9036,pyr
9037,pzo
9038,pz.
9039,p3c
9040,p3f
9041,p3i
9042,p5.
9043,p.k
9044,p-g
9045,qan
9046,qih
9047,qip
9048,qle
9049,qlt
9050,ql.
9051,qoq
9052,qpa
9053,qpo
9054,qqt
9055,qt.
9056,quk
9057,qut
9058,q.e
9059,q.n
9060,q.t
9061,ra2
9062,rbf
9063,rbt
9064,rcd
9065,rck
9066,rcm
9067,rcy
9068,re5
9069,rgs
9070,rhd
9071,rhq
9072,rhr
9073,rih
9074,rjs
9075,rju
9076,rkc
9077,rkn
9078,rkw
9079,rlb
9080,rnx
9081,rn2
9082,roq
9083,ro4
9084,rpg
9085,rrj
9086,rsm
9087,rs2
9088,rtt
9089,rt3
9090,ruh
9091,ruo
9092,rvr
9093,rwp
9094,ryg
9095,ry2
9096,r24
9097,r-e
9098,r-y
9099,saz
9100,sbt
9101,scm
9102,sdk
9103,sfc
9104,sft
9105,shj
9106,siy
9107,si-
9108,skd
9109,skh
9110,slc
9111,slg
9112,sl-
9113,snb
9114,snp
9115,soi
9116,soj
9117,sow
9118,spd
9119,spp
9120,spt
9121,ssq
9122,stk
9123,suu
9124,svp
9125,svu
9126,syf
9127,syi
9128,syv
9129,syw
9130,szc
9131,szn
9132,s4.
9133,s-v
9134,taq
9135,tbh
9136,tbs
9137,tby
9138,tcf
9139,tcg
9140,tcm
9141,tct
9142,tdb
9143,tdl
9144,tfc
9145,tfe
9146,tft
9147,tg.
9148,thk
9149,tij
9150,tjm
9151,tjr
9152,tkm
9153,tku
9154,tms
9155,tmy
9156,tnp
9157,tnt
9158,tnu
9159,toq
9160,trf
9161,trm
9162,ts2
9163,ts4
9164,ttm
9165,ttt
9166,tuy
9167,tvf
9168,tvk
9169,tw-
9170,tye
9171,tyu
9172,tyz
9173,ty2
9174,tza
9175,tzc
9176,tze
9177,tzn
9178,tzy
9179,t2h
9180,t88
9181,t-k
9182,t-v
9183,t-z
9184,uae
9185,uaz
9186,ubf
9187,ubg
9188,ucp
9189,udc
9190,udl
9191,uek
9192,ueu
9193,ufm
9194,ugr
9195,uhc
9196,uih
9197,ui-
9198,uje
9199,ujo
9200,umd
9201,umf
9202,uml
9203,umr
9204,unv
9205,uoi
9206,uoj
9207,upk
9208,upn
9209,urj
9210,usy
9211,utk
9212,utp
9213,utw
9214,ut-
9215,uup
9216,uus
9217,uxm
9218,uxo
9219,uyc
9220,uyd
9221,uyg
9222,uym
9223,uzk
9224,u8.
9225,u.w
9226,u-n
9227,u-o
9228,u-s
9229,vaj
9230,vak
9231,vbo
9232,vcl
9233,vde
9234,vdi
9235,veu
9236,vez
9237,ve3
9238,vfu
9239,vgt
9240,vho
9241,vh.
9242,vki
9243,vli
9244,vlo
9245,vmi
9246,vov
9247,vo-
9248,vpa
9249,vps
9250,vrs
9251,vtc
9252,vtu
9253,vuk
9254,vuo
9255,vuz
9256,vz.
9257,v5.
9258,v-c
9259,wae
9260,wah
9261,wam
9262,waw
9263,wbe
9264,wdc
9265,wdw
9266,wev
9267,wez
9268,wfi
9269,wga
9270,wgo
9271,wgr
9272,wg.
9273,whu
9274,wjo
9275,wke
9276,wmo
9277,wnd
9278,wpu
9279,wsf
9280,wsr
9281,ws4
9282,wwe
9283,ww-
9284,wx.
9285,wyz
9286,wza
9287,wz.
9288,w3s
9289,w.a
9290,w.p
9291,w.v
9292,w-h
9293,xad
9294,xap
9295,xbl
9296,xcd
9297,xci
9298,xcr
9299,xd.
9300,xee
9301,xex
9302,xfl
9303,xgu
9304,xir
9305,xiz
9306,xlo
9307,xml
9308,xmt
9309,xol
9310,xpi
9311,xro
9312,xtt
9313,xup
9314,xxm
9315,xxp
9316,x-g
9317,x-m
9318,x-p
9319,yaf
9320,yav
9321,yay
9322,ybb
9323,ycd
9324,ydn
9325,yed
9326,ygl
9327,yie
9328,yig
9329,yii
9330,yil
9331,yiw
9332,yiz
9333,yjs
9334,yms
9335,yng
9336,yoa
9337,yoc
9338,yoi
9339,yow
9340,yo2
9341,yqu
9342,yru
9343,ysf
9344,ysq
9345,ysr
9346,ysw
9347,ytw
9348,yub
9349,yug
9350,yul
9351,yuu
9352,yva
9353,yv.
9354,yw.
9355,y20
9356,y2.
9357,y88
9358,y8.
9359,y-r
9360,y-w
9361,zaf
9362,zas
9363,zau
9364,zdn
9365,zdy
9366,zea
9367,zeu
9368,zfe
9369,zh.
9370,zix
9371,ziy
9372,zka
9373,zk.
9374,zme
9375,zno
9376,zof
9377,zok
9378,zos
9379,zot
9380,zpo
9381,zp.
9382,zra
9383,zr.
9384,zst
9385,ztr
9386,zt.
9387,zue
9388,zuh
9389,zvu
9390,zwe
9391,zwi
9392,zx.
9393,zys
9394,zzc
9395,zzf
9396,zzs
9397,z.h
9398,z.u
9399,0da
9400,00c
9401,00k
9402,017
9403,04.
9404,073
9405,0.l
9406,0.m
9407,1ab
9408,1a.
9409,1co
9410,1fa
9411,1fi
9412,1k.
9413,1le
9414,1pl
9415,10s
9416,112
9417,120
9418,125
9419,131
9420,135
9421,156
9422,173
9423,1.a
9424,1.d
9425,1.l
9426,2an
9427,2ca
9428,2cl
9429,2mo
9430,2pd
9431,2po
9432,2p.
9433,2tv
9434,2u.
9435,20m
9436,234
9437,24b
9438,24n
9439,24p
9440,24v
9441,24x
9442,2.f
9443,2.m
9444,3dp
9445,3in
9446,3s.
9447,3te
9448,3x.
9449,30d
9450,32.
9451,333
9452,369
9453,399
9454,3.r
9455,3.t
9456,4ch
9457,4fr
9458,4pl
9459,4sa
9460,4uf
9461,4vi
9462,4.e
9463,4.g
9464,4.m
9465,4.o
9466,4.u
9467,51c
9468,510
9469,512
9470,54.
9471,585
9472,59.
9473,60d
9474,60t
9475,64.
9476,666
9477,67.
9478,688
9479,6.o
9480,700
9481,72.
9482,731
9483,74.
9484,79.
9485,7.s
9486,84.
9487,8.o
9488,8.r
9489,8.w
9490,9an
9491,9to
9492,911
9493,926
9494,94.
9495,99d
9496,.bn
9497,.ce
9498,.cx
9499,.nc
9500,.pg
9501,.sb
9502,.sd
9503,.sx
9504,.ti
9505,.tj
9506,.tl
9507,.tt
9508,-a-
9509,-bb
9510,-cu
9511,-cy
9512,-d.
9513,-ei
9514,-fx
9515,-hu
9516,-ig
9517,-kl
9518,-ns
9519,-ok
9520,-pc
9521,-pd
9522,-ph
9523,-qu
9524,-t.
9525,-uk
9526,-ur
9527,-wu
9528,-10
9529,-12
9530,-1.
9531,-24
9532,-2.
9533,--i
9534,--1
9535,aab
9536,abf
9537,abg
9538,abq
9539,acp
9540,ac1
9541,adj
9542,adq
9543,ad0
9544,ad1
9545,aep
9546,aeu
9547,aew
9548,afk
9549,afn
9550,afy
9551,ag-
9552,ahg
9553,ahv
9554,aiq
9555,aiv
9556,ajf
9557,ajy
9558,alx
9559,al1
9560,al2
9561,al4
9562,amx
9563,an6
9564,aou
9565,apw
9566,ap2
9567,aqs
9568,ar1
9569,ar3
9570,asq
9571,asw
9572,atz
9573,auh
9574,aui
9575,au2
9576,au-
9577,avu
9578,awc
9579,awd
9580,awf
9581,awg
9582,awj
9583,awm
9584,axb
9585,axf
9586,axt
9587,axv
9588,axz
9589,ayv
9590,ayx
9591,azc
9592,azk
9593,azl
9594,a16
9595,a2a
9596,a2e
9597,a2m
9598,a21
9599,a4u
9600,a7.
9601,a8.
9602,a99
9603,baf
9604,baw
9605,bbt
9606,bb8
9607,bb-
9608,bcm
9609,bcs
9610,bct
9611,bcu
9612,bc7
9613,bdm
9614,bej
9615,beu
9616,bew
9617,bgb
9618,bhg
9619,bh.
9620,bii
9621,bja
9622,bki
9623,bkk
9624,bld
9625,blp
9626,bmc
9627,bms
9628,bnf
9629,bpe
9630,bps
9631,brn
9632,bsl
9633,bsm
9634,bsw
9635,bs4
9636,btl
9637,bty
9638,buj
9639,bvb
9640,bvn
9641,bvs
9642,bwi
9643,byh
9644,byk
9645,byo
9646,bza
9647,b1a
9648,b48
9649,b.x
9650,b-b
9651,b-h
9652,b-j
9653,b-m
9654,caz
9655,ccf
9656,cdm
9657,cdw
9658,ce2
9659,cfn
9660,cgm
9661,cgt
9662,cgu
9663,cgw
9664,ch2
9665,cii
9666,cja
9667,cjd
9668,cju
9669,ckx
9670,ckz
9671,cmf
9672,cmr
9673,cnh
9674,cnm
9675,cnu
9676,cn-
9677,coq
9678,cpf
9679,csl
9680,cs-
9681,ctj
9682,cuf
9683,cuw
9684,cvs
9685,cv-
9686,cwe
9687,cya
9688,cyg
9689,cyl
9690,cym
9691,cyo
9692,cza
9693,czt
9694,c10
9695,c36
9696,c-o
9697,c-v
9698,da2
9699,dcm
9700,dc-
9701,ddg
9702,dd0
9703,dd-
9704,de1
9705,dff
9706,df-
9707,dhs
9708,di1
9709,dko
9710,dlc
9711,dll
9712,dlr
9713,dlu
9714,dmv
9715,dmy
9716,dm5
9717,dm6
9718,dnu
9719,dph
9720,drd
9721,drh
9722,drm
9723,dr-
9724,dsx
9725,dtc
9726,dty
9727,du-
9728,dwp
9729,dwr
9730,dw.
9731,dxa
9732,dxc
9733,dxs
9734,dyh
9735,dyw
9736,dy-
9737,dzk
9738,dzs
9739,dzw
9740,d12
9741,d4.
9742,d7.
9743,d8.
9744,d-i
9745,d-k
9746,d-l
9747,eae
9748,ea-
9749,ecv
9750,ecw
9751,edz
9752,ee4
9753,efm
9754,efw
9755,efx
9756,ef-
9757,ehk
9758,ehl
9759,eht
9760,eie
9761,eiw
9762,ejd
9763,ejm
9764,ekv
9765,eoa
9766,eok
9767,eqt
9768,eq.
9769,erx
9770,er6
9771,es3
9772,es5
9773,etq
9774,et9
9775,eud
9776,eui
9777,eu-
9778,evc
9779,evd
9780,evp
9781,ewc
9782,ewj
9783,ewn
9784,ewv
9785,exn
9786,ex1
9787,ezv
9788,ezw
9789,e01
9790,e11
9791,e77
9792,e7.
9793,fag
9794,faw
9795,fbi
9796,fce
9797,fcn
9798,fcr
9799,fdb
9800,fdi
9801,fdu
9802,feq
9803,ffb
9804,fff
9805,ffg
9806,ffn
9807,fft
9808,ffw
9809,ffy
9810,ff-
9811,fge
9812,fhy
9813,fii
9814,fik
9815,fiu
9816,flb
9817,fmc
9818,fms
9819,fnn
9820,foe
9821,foi
9822,foj
9823,fpb
9824,fqa
9825,frr
9826,frt
9827,fry
9828,fsg
9829,fsh
9830,fso
9831,fsp
9832,fsv
9833,fsw
9834,ftl
9835,ftn
9836,ftr
9837,fug
9838,fux
9839,fuy
9840,fv.
9841,fwe
9842,fwi
9843,fws
9844,fxd
9845,fxi
9846,fxn
9847,fxp
9848,fxs
9849,fxt
9850,fyi
9851,fyp
9852,fys
9853,fza
9854,f5.
9855,f.l
9856,f-t
9857,gbt
9858,gcm
9859,gdb
9860,gdm
9861,gdn
9862,gds
9863,gfe
9864,gfp
9865,gfu
9866,ggp
9867,ggt
9868,ghb
9869,ghf
9870,ghy
9871,gjo
9872,gjs
9873,gke
9874,gmw
9875,gnb
9876,gnc
9877,gnr
9878,gny
9879,gok
9880,gpg
9881,gpu
9882,grm
9883,grp
9884,grs
9885,gsn
9886,gsr
9887,gsv
9888,gts
9889,gtv
9890,gt.
9891,gub
9892,gwh
9893,gzl
9894,gzx
9895,g2p
9896,g20
9897,g2.
9898,g8.
9899,g.x
9900,g-a
9901,g-d
9902,g-e
9903,g-j
9904,hbt
9905,hbv
9906,hcd
9907,hcs
9908,hdc
9909,hdr
9910,hdz
9911,he1
9912,hgr
9913,hhe
9914,hhi
9915,hho
9916,hi1
9917,hje
9918,hkg
9919,hkh
9920,hnc
9921,hnk
9922,hpb
9923,hpc
9924,hpd
9925,hpe
9926,hqu
9927,hrb
9928,hrv
9929,hrw
9930,hr-
9931,hsn
9932,htb
9933,htl
9934,ht-
9935,huh
9936,hvi
9937,hxi
9938,hxl
9939,hx.
9940,hyg
9941,hyl
9942,hyo
9943,hyx
9944,hy-
9945,hz.
9946,h2.
9947,h3.
9948,h.k
9949,h.l
9950,h-d
9951,h-i
9952,h-k
9953,h-n
9954,h-r
9955,h-w
9956,ia1
9957,ibh
9958,ibn
9959,idk
9960,idv
9961,idz
9962,id4
9963,ieh
9964,ieq
9965,ie1
9966,ie4
9967,ifc
9968,ifn
9969,igw
9970,ihn
9971,iib
9972,iic
9973,iid
9974,ijl
9975,ijr
9976,ikb
9977,ikf
9978,ilz
9979,iml
9980,imv
9981,in0
9982,ioz
9983,io3
9984,ipn
9985,ipv
9986,ip2
9987,iqo
9988,irh
9989,isq
9990,isx
9991,isz
9992,is1
9993,is2
9994,it1
9995,it4
9996,iub
9997,iud
9998,iue
9999,iug
